Components,13-Jan,13-Feb,13-Mar,13-Apr,13-May,13-Jun,13-Jul,13-Aug,13-Sep,13-Oct,13-Nov,13-Dec,14-Jan,14-Feb,14-Mar,14-Apr,14-May,14-Jun,14-Jul,14-Aug,14-Sep,14-Oct,14-Nov,14-Dec,15-Jan,15-Feb,15-Mar,15-Apr,15-May,15-Jun,15-Jul,15-Aug,15-Sep,15-Oct,15-Nov,15-Dec,16-Jan,16-Feb,16-Mar,16-Apr,16-May,16-Jun,16-Jul,16-Aug,16-Sep,16-Oct,16-Nov,16-Dec,17-Jan,17-Feb,17-Mar,17-Apr,17-May,17-Jun,17-Jul,17-Aug,17-Sep,17-Oct,17-Nov,17-Dec,18-Jan,18-Feb,18-Mar,18-Apr,18-May,18-Jun,18-Jul,18-Aug,18-Sep,18-Oct,18-Nov,18-Dec,19-Jan,19-Feb,19-Mar,19-Apr,19-May,19-Jun,19-Jul,19-Aug,19-Sep,19-Oct,19-Nov,19-Dec,20-Jan,20-Feb,20-Mar,20-Apr,20-May,20-Jun,20-Jul,20-Aug,20-Sep,20-Oct,20-Nov,20-Dec,21-Jan,21-Feb,21-Mar,21-Apr,21-May,21-Jun,21-Jul,21-Aug,21-Sep,21-Oct,21-Nov,21-Dec,22-Jan,22-Feb,22-Mar,22-Apr,22-May,22-Jun,22-Jul,22-Aug,22-Sep,22-Oct,22-Nov,22-Dec,23-Jan,23-Feb,23-Mar,23-Apr,23-May,23-Jun,23-Jul,23-Aug,23-Sep
"Total, funds advanced, residential mortgages, insured 7","5,880","6,195","7,259","9,716","10,519","10,869","10,373","9,576","8,046","7,838","6,973","6,186","5,694","6,247","7,155","8,739","9,994","10,504","10,125","9,308","7,944","8,919","6,981","7,521","6,137","7,291","9,019","11,035","11,366","13,050","12,236","10,919","10,490","11,420","10,750","11,505","8,430","8,840","9,748","11,162","11,595","13,834","12,569","11,993","10,941","9,210","9,509","9,297","6,140","5,613","7,113","7,609","9,288","11,629","11,901","11,013","8,191","8,219","7,107","6,526","7,230","8,132","7,880","8,728","11,461","12,532","9,982","9,942","7,687","8,703","8,609","6,569","5,916","5,844","6,590","8,307","10,466","11,896","12,424","11,124","10,166","10,376","9,838","8,141","7,669","8,090","9,589","11,809","11,824","13,640","13,188","13,442","13,520","13,533","12,060","10,626","8,810","8,960","10,860","11,088","10,470","12,030","9,530","8,353","7,493","7,332","7,539","6,224","5,357","5,719","7,203","7,145","7,531","8,528","6,794","5,681","4,685","4,559","4,594","3,820","3,331","3,744","4,319","4,425","6,021","8,217","7,945","7,102","5,522"
,3.23,3.19,3.13,3.11,3.09,3.08,3.14,3.22,3.31,3.32,3.3,3.27,3.28,3.22,3.2,3.16,3.17,3.16,3.13,3.06,3.04,3.01,3.04,3.05,3.04,2.87,2.84,2.82,2.8,2.78,2.71,2.65,2.64,2.66,2.71,2.69,2.82,2.88,2.93,2.83,2.77,2.75,2.71,2.72,2.71,2.68,2.68,2.69,2.84,2.91,2.91,2.87,2.83,2.8,2.83,2.9,3.12,3.2,3.32,3.32,3.37,3.42,3.51,3.55,3.47,3.35,3.51,3.54,3.6,3.59,3.66,3.78,3.84,3.82,3.76,3.58,3.45,3.33,3.22,3.16,3.12,3.12,3.14,3.22,3.24,3.2,3.03,2.85,2.78,2.68,2.57,2.4,2.3,2.2,2.18,2.16,2.12,2.06,2.03,2.06,2.12,2.12,2.16,2.18,2.15,2.12,2.17,2.25,2.28,2.39,2.56,2.93,3.15,3.53,4.13,4.47,4.92,5.21,5.32,5.52,5.65,5.53,5.48,5.51,5.46,5.5,5.6,5.84,6.05
"Variable rate, funds advanced, residential mortgages, insured",505,539,584,714,845,885,"1,264","1,518","1,582","1,861","1,902","1,619","1,527","1,625","1,662","1,650","1,758","1,934","1,842","1,542","1,421","1,599","1,564","1,754","1,593","2,196","2,566","2,789","2,521","2,903","2,969","3,147","3,082","3,139","2,408","2,244","1,551","1,492","1,528","1,630","1,532","1,984","1,897","1,776","1,661","1,309","1,049",772,658,774,"1,091","1,254","1,662","1,963","1,408","1,319",940,803,943,998,898,821,895,"1,231","2,163","4,412","3,203","2,727","1,791","2,057","1,826","1,131",955,781,789,756,767,643,558,465,384,368,379,392,371,431,779,"1,638","1,787","1,878","2,040","2,162","2,057","1,854","1,537","1,393","1,226","1,314","1,689","2,387","2,761","3,443","3,134","2,994","2,686","2,553","2,530","2,227","2,108","2,068","2,718","2,644","2,767","3,181","2,549","2,049","1,509","1,037",815,590,368,280,247,199,380,370,231,266,274
,3.57,3.52,3.51,3.52,3.5,3.49,3.31,3.13,3.03,2.95,2.88,2.86,2.83,2.83,2.84,2.88,2.87,2.88,2.87,2.85,2.88,2.84,2.8,2.76,2.66,2.55,2.53,2.56,2.57,2.56,2.38,2.28,2.26,2.28,2.37,2.46,2.69,2.8,2.98,3.01,3.01,2.92,2.8,2.75,2.71,2.67,2.68,2.73,2.7,2.67,2.66,2.6,2.55,2.49,2.75,2.67,2.99,3.05,2.97,2.93,3.13,3.23,3.28,3.21,2.97,2.7,2.99,3.04,3.12,3.24,3.31,3.4,3.52,3.66,3.74,3.81,3.9,3.99,4.08,4.15,4.16,4.17,4,3.95,3.9,3.91,2.64,2.31,2.47,2.43,2.34,2.22,2.15,2.1,2.07,1.98,1.85,1.77,1.65,1.57,1.59,1.57,1.53,1.54,1.48,1.45,1.46,1.46,1.47,1.49,1.77,2.31,2.51,3.1,4,4.19,4.92,5.43,5.56,6.03,6.31,6.35,6.59,6.65,6.81,7.33,7.7,7.56,7.29
"Fixed rate, funds advanced, residential mortgages, insured, less than 1  year",342,330,359,440,521,522,535,532,585,502,452,430,363,339,438,555,662,752,698,570,436,464,424,444,424,450,560,740,727,761,674,610,606,632,632,596,528,643,825,828,767,879,831,749,702,588,540,510,451,437,586,601,696,901,862,721,627,618,593,564,541,561,649,799,911,980,861,868,729,704,679,622,635,630,690,803,900,960,910,807,738,806,752,716,672,614,778,791,686,725,750,664,653,649,572,530,433,378,405,477,474,549,491,469,422,403,391,321,276,257,291,333,367,432,360,361,315,360,294,268,299,303,353,425,560,709,601,544,496
,5.14,4.98,4.89,4.89,4.78,4.75,4.95,4.89,4.92,5.12,4.97,5.08,5.19,5.29,5.41,5.51,5.52,5.48,5.54,5.33,5.2,5.12,4.97,5.07,5.08,5.07,5.13,5.26,5.08,5.03,4.93,4.88,4.91,5.13,5.16,5.1,5.1,5.15,5.18,5.06,4.96,4.93,4.84,4.75,4.84,4.83,4.92,4.98,5.09,5.26,5.25,5.25,5.32,5.46,5.66,5.61,5.56,5.54,5.57,5.5,5.67,5.8,5.94,5.97,5.92,6,6.02,5.98,5.91,5.71,5.54,5.65,5.6,5.45,5.43,5.56,5.56,5.67,5.74,5.59,5.69,5.62,5.5,5.46,5.37,5.28,5.8,5.45,5.27,5.36,5.37,5.36,5.23,5.1,5.45,5.49,5.58,5.55,5.47,5.48,5.55,5.53,5.53,5.59,5.6,5.68,5.55,5.58,5.5,5.51,5.54,5.56,5.78,5.92,6.31,6.78,7.01,7.02,7.17,7.34,7.99,8.19,8.12,8.14,8.18,8.51,8.39,8.51,8.7
"Fixed rate, funds advanced, residential mortgages, insured, from 1  to less than 3 years","1,058","1,191","1,307","1,451","1,582","1,648","1,697","1,700","1,524","1,611","1,273","1,050","1,062","1,325","1,393","1,373","1,292","1,459","1,452","1,773","1,352","1,777","1,081","1,033",857,940,"1,360","1,801","1,800","1,987","1,771","1,426","1,643","1,907","2,125","2,415","1,530","1,624","1,913","3,100","2,871","2,749","2,704","2,665","2,441","1,904","1,772","1,768","1,293","1,258","1,640","1,846","1,984","2,365","2,336","2,174","1,859","2,013","1,666","1,464","1,730","1,969","1,745","1,965","2,214","1,734","1,598","1,766","1,583","1,568","1,391","1,149","1,157","1,261","1,455","2,054","2,271","1,721","1,599","1,422","1,439","1,354","1,102",969,953,"1,132",934,"1,110","1,090","1,084",931,913,821,787,636,540,505,481,614,678,658,672,647,624,603,559,576,470,435,510,585,694,696,858,814,862,870,"1,004","1,052",931,881,992,"1,033","1,104","1,299","1,536","1,234","1,097",882
,2.81,2.8,2.75,2.81,2.81,2.8,2.8,2.88,2.9,2.91,2.95,2.87,2.94,2.87,2.85,2.83,2.82,2.85,2.79,2.7,2.68,2.63,2.71,2.78,2.82,2.71,2.62,2.49,2.47,2.46,2.47,2.41,2.33,2.4,2.4,2.39,2.43,2.46,2.45,2.37,2.35,2.39,2.37,2.57,2.54,2.48,2.47,2.47,2.63,2.63,2.63,2.61,2.6,2.58,2.6,2.7,2.89,2.95,3.1,3.13,3.11,3.11,3.2,3.28,3.27,3.38,3.41,3.38,3.38,3.39,3.5,3.63,3.62,3.58,3.55,3.33,3.27,3.37,3.35,3.32,3.25,3.24,3.33,3.41,3.41,3.37,3.4,3.21,2.99,2.92,2.9,2.86,2.84,2.76,2.78,2.79,2.72,2.66,2.63,2.63,2.76,2.72,2.68,2.72,2.68,2.64,2.58,2.73,2.73,2.76,2.86,3.08,3.37,3.73,4.16,4.47,4.83,5.04,5.29,5.46,5.6,5.6,5.64,5.63,5.54,5.64,5.87,6.18,6.38
"Fixed rate, funds advanced, residential mortgages, insured, from 3 to less than 5 years","1,116","1,227","1,515","1,592","1,794","1,999","2,389","1,777","1,280","1,176","1,141","1,150","1,052","1,030","1,337","2,301","2,759","2,745","2,419","2,060","1,836","1,782","1,406","1,447","1,182","1,036","1,045","1,285","1,446","1,600","1,503","1,339","1,196","1,317","1,574","2,118","1,469","1,526","1,732","2,005","2,035","2,363","1,724","1,839","1,700","1,371","1,617","2,084","1,354","1,174","1,372","1,309","1,558","1,967","2,599","2,351","1,658","1,704","1,247",998,"1,270","1,487","1,396","1,378","1,741","1,391","1,131","1,204","1,076","1,290","1,461","1,152","1,099",837,"1,057","1,542","2,255","4,009","3,843","3,133","2,374","2,437","2,056","1,699","1,706","1,720","2,069","2,068","2,011","1,927","1,925","1,749","1,874","1,980","2,115","2,193","2,096","2,012","2,156","2,066","1,800","1,891","1,584","1,383","1,273","1,040",998,769,650,807,"1,023",894,873,"1,005",826,733,795,"1,004","1,233","1,035",959,"1,182","1,482","1,694","2,421","3,733","3,697","2,882","1,896"
,3,2.98,2.99,2.99,2.96,2.93,3,3.11,3.2,3.27,3.23,3.16,3.17,3.15,3.06,2.98,2.98,2.98,2.97,2.95,2.95,2.95,2.96,2.96,2.97,2.89,2.77,2.67,2.64,2.66,2.64,2.65,2.66,2.68,2.61,2.47,2.66,2.68,2.69,2.63,2.55,2.51,2.53,2.48,2.5,2.5,2.5,2.49,2.61,2.69,2.67,2.65,2.58,2.51,2.5,2.64,2.87,2.98,3.11,3.14,3.2,3.25,3.29,3.28,3.32,3.34,3.38,3.4,3.42,3.47,3.54,3.61,3.63,3.58,3.45,3.23,3.09,2.94,2.87,2.83,2.78,2.79,2.84,2.89,2.92,2.9,2.72,2.68,2.62,2.53,2.42,2.24,2.12,2,1.93,1.88,1.84,1.82,1.88,1.95,2.03,2.07,2.1,2.1,2.08,2.09,2.22,2.4,2.54,2.66,2.82,3.05,3.36,3.63,4.01,4.36,4.67,4.93,5.09,5.24,5.25,5.14,5.09,5,4.95,5.03,5.28,5.54,5.74
"Fixed rate, funds advanced, residential mortgages, insured, 5 years and more","2,859","2,909","3,493","5,519","5,778","5,815","4,488","4,049","3,075","2,687","2,205","1,936","1,691","1,928","2,325","2,859","3,523","3,614","3,714","3,362","2,899","3,297","2,507","2,843","2,081","2,669","3,488","4,420","4,873","5,798","5,318","4,398","3,963","4,425","4,011","4,131","3,353","3,556","3,749","3,597","4,389","5,859","5,414","4,964","4,436","4,039","4,531","4,163","2,384","1,970","2,424","2,598","3,388","4,432","4,696","4,448","3,108","3,081","2,657","2,501","2,791","3,295","3,194","3,355","4,432","4,014","3,190","3,377","2,509","3,083","3,252","2,515","2,071","2,335","2,600","3,153","4,273","4,563","5,514","5,296","5,231","5,411","5,550","4,365","3,967","4,193","5,028","6,201","6,249","8,026","7,542","7,954","8,115","8,264","7,200","5,970","4,551","4,776","5,995","5,480","4,777","5,474","3,675","2,883","2,510","2,777","3,044","2,437","1,887","2,077","2,587","2,580","2,828","3,052","2,246","1,675","1,196","1,154","1,201",996,823,986,"1,203","1,002","1,361","1,868","2,181","2,314","1,976"
,3.2,3.17,3.09,3.03,3,3,3.08,3.22,3.39,3.5,3.56,3.5,3.55,3.45,3.34,3.18,3.17,3.09,3.04,3.02,3.01,3.03,3.05,3.05,3.06,2.82,2.82,2.76,2.75,2.74,2.71,2.69,2.7,2.7,2.72,2.76,2.78,2.79,2.78,2.76,2.67,2.63,2.58,2.55,2.54,2.54,2.55,2.59,2.71,2.79,2.79,2.74,2.71,2.64,2.64,2.77,2.93,3.06,3.19,3.19,3.25,3.32,3.33,3.36,3.37,3.4,3.44,3.46,3.49,3.5,3.58,3.65,3.69,3.65,3.57,3.36,3.21,3.08,2.94,2.86,2.8,2.8,2.83,2.88,2.91,2.9,2.71,2.65,2.62,2.5,2.36,2.19,2.09,1.99,1.96,1.94,1.92,1.91,1.91,1.95,2.03,2.06,2.17,2.21,2.18,2.12,2.23,2.38,2.51,2.71,2.88,3.14,3.31,3.56,3.97,4.35,4.61,4.85,4.97,5.06,5.01,4.88,4.84,4.89,4.77,4.82,5.01,5.2,5.35
"Total, funds advanced, residential mortgages, uninsured 7","9,995","9,858","11,546","14,714","16,888","18,129","18,806","16,973","13,941","13,632","12,470","11,538","10,697","10,104","11,393","13,615","16,302","17,901","18,528","16,972","15,480","16,695","13,855","14,482","12,480","12,778","16,882","19,128","20,179","24,252","23,114","21,064","20,992","20,882","20,576","20,328","17,185","16,667","17,878","20,227","22,884","26,472","25,686","25,696","23,199","19,632","22,829","20,720","16,175","14,468","19,075","18,661","25,002","29,011","30,529","29,198","22,739","22,172","20,067","18,286","19,752","17,766","17,839","19,845","25,468","27,796","24,846","24,858","19,475","22,202","22,803","18,193","16,193","14,605","17,269","20,960","26,924","29,991","34,106","32,579","29,004","30,929","28,851","25,836","23,650","22,907","26,938","30,227","28,705","30,226","32,033","33,556","37,619","40,305","38,279","37,912","33,160","33,262","43,494","41,574","41,318","47,648","41,015","38,032","33,928","35,202","37,454","33,405","30,610","30,801","38,169","37,387","39,036","40,353","33,491","29,580","24,978","25,460","25,199","21,494","17,953","17,932","21,064","20,586","27,928","39,467","38,786","35,760","26,976"
,3.14,3.12,3.07,3.03,3.01,3,3.07,3.12,3.18,3.21,3.19,3.16,3.15,3.12,3.08,3.04,3.04,3.01,2.97,2.96,2.94,2.93,2.96,2.96,2.91,2.8,2.74,2.69,2.67,2.65,2.58,2.55,2.54,2.54,2.58,2.64,2.68,2.77,2.8,2.72,2.67,2.64,2.62,2.61,2.62,2.62,2.61,2.66,2.74,2.79,2.79,2.77,2.72,2.68,2.73,2.81,2.99,3.09,3.19,3.23,3.29,3.35,3.4,3.4,3.34,3.18,3.31,3.38,3.45,3.56,3.64,3.72,3.72,3.73,3.68,3.51,3.39,3.26,3.15,3.11,3.1,3.08,3.13,3.17,3.19,3.17,2.89,2.71,2.72,2.66,2.54,2.4,2.29,2.19,2.16,2.08,2.02,1.97,1.94,1.93,1.96,1.95,1.96,1.94,1.91,1.88,1.95,1.99,2.01,2.09,2.3,2.75,2.96,3.42,4.08,4.37,4.87,5.18,5.29,5.53,5.66,5.57,5.54,5.51,5.42,5.46,5.63,5.83,6.07
"Variable rate, funds advanced, residential mortgages, uninsured","1,103","1,010","1,142","1,326","1,537","1,543","2,351","2,827","3,143","4,140","4,578","4,367","3,925","3,592","3,749","3,867","4,523","5,054","4,931","4,634","4,276","4,672","4,511","4,875","4,615","5,550","6,831","6,873","6,775","8,039","8,310","8,965","9,278","8,870","7,697","6,238","4,900","4,378","4,010","3,829","4,128","5,010","5,168","5,112","4,513","3,857","3,714","3,034","2,675","2,892","4,339","4,616","6,659","7,561","5,439","4,986","3,707","3,259","3,763","3,789","3,702","3,095","3,451","4,630","7,429","13,370","11,648","10,709","7,279","7,297","5,954","4,326","4,085","3,508","3,686","3,430","3,348","2,749","2,605","2,223","1,787","1,716","1,770","1,747","1,801","1,905","4,598","8,293","8,274","8,730","9,550","10,070","10,196","10,675","10,019","10,409","9,321","9,551","13,614","16,860","19,609","23,846","22,886","22,384","19,937","20,547","21,234","19,573","18,556","18,230","22,752","21,310","21,316","21,120","16,780","13,785","10,201","7,679","5,978","4,902","3,242","2,188","1,955","1,804","2,142","2,330","1,922","2,182","2,389"
,3.45,3.47,3.48,3.51,3.44,3.45,3.27,3.1,2.99,2.93,2.87,2.85,2.81,2.81,2.82,2.83,2.85,2.81,2.78,2.77,2.75,2.73,2.71,2.69,2.58,2.48,2.48,2.47,2.46,2.47,2.3,2.26,2.23,2.23,2.31,2.4,2.51,2.64,2.81,2.82,2.85,2.73,2.7,2.65,2.64,2.63,2.66,2.68,2.69,2.63,2.6,2.56,2.53,2.5,2.71,2.74,2.97,3.02,2.98,2.93,3.16,3.21,3.2,3.13,2.94,2.69,2.96,3.02,3.07,3.33,3.42,3.51,3.49,3.56,3.61,3.63,3.62,3.67,3.72,3.75,3.84,3.81,3.72,3.74,3.65,3.68,2.18,2.14,2.32,2.31,2.24,2.13,2.06,1.99,1.95,1.86,1.77,1.7,1.59,1.55,1.54,1.54,1.52,1.51,1.47,1.45,1.47,1.48,1.5,1.53,1.8,2.37,2.57,3.17,4.14,4.32,5.03,5.53,5.66,6.14,6.46,6.49,6.65,6.74,6.82,7.2,7.28,7.38,7.16
"Fixed rate, funds advanced, residential mortgages, uninsured, less than 1 year",268,257,282,327,387,395,375,376,360,384,387,331,347,299,333,412,577,663,667,531,435,459,429,470,412,414,584,618,637,770,722,645,669,637,600,610,562,660,843,779,764,846,890,833,845,697,729,709,619,598,756,781,924,"1,071","1,021",866,802,859,815,827,717,728,846,"1,020","1,144","1,342","1,136","1,189","1,079","1,085","1,071","1,006",916,921,"1,072","1,187","1,258","1,339","1,372","1,315","1,307","1,373","1,297","1,196","1,155","1,084","1,311","1,168","1,025","1,026","1,064","1,093","1,113","1,104","1,107",942,756,676,723,745,839,882,867,875,783,782,849,743,657,606,719,785,927,"1,027",932,"1,047","1,023","1,126","1,001",930,951,946,"1,107","1,130","1,549","2,077","1,796","1,753","1,584"
,4.58,4.56,4.45,4.4,4.3,4.4,4.54,4.46,4.75,4.66,4.69,4.75,4.9,4.92,5.08,4.99,4.59,4.57,4.32,4.49,4.54,4.51,4.58,4.58,4.63,4.77,4.85,4.88,4.74,4.58,4.41,4.55,4.68,4.68,4.81,4.72,4.68,4.91,4.77,4.73,4.69,4.63,4.61,4.48,4.56,4.54,4.48,4.59,4.65,4.72,4.74,4.83,4.77,4.83,5,4.7,4.75,4.74,4.81,4.89,5.11,5.29,5.35,5.49,5.5,5.6,5.48,5.47,5.45,5.36,5.25,5.28,5.21,5.16,5.11,5.16,5.19,5.33,5.26,5.14,5.34,5.25,5.16,5.05,5.08,4.97,5.45,5.06,4.97,4.93,4.95,4.96,4.93,4.8,5,4.94,5.1,4.95,5.1,4.9,5.02,4.93,4.99,4.96,4.78,4.81,4.8,4.81,4.97,4.77,4.79,4.89,5.24,5.54,5.61,6.04,6.17,6.32,6.32,6.7,7.28,7.36,7.37,7.55,7.58,7.99,8.06,7.94,8.01
"Fixed rate, funds advanced, residential mortgages, uninsured, from 1 to less than 3 years","1,937","2,032","2,524","3,029","3,335","3,494","3,812","3,723","3,369","3,164","2,569","2,293","2,263","2,516","2,841","2,795","2,986","3,104","3,546","3,711","3,520","3,861","2,906","2,816","2,313","2,066","3,384","3,973","4,156","4,963","4,656","3,774","3,717","3,988","4,564","5,029","4,819","4,935","5,973","7,484","8,062","8,597","8,428","8,188","7,365","5,881","6,417","5,330","4,444","3,876","4,981","4,945","6,075","6,392","6,452","6,023","5,042","5,140","4,434","3,853","4,658","4,155","4,216","4,716","5,876","4,600","4,524","5,181","4,839","5,120","4,779","4,224","4,212","3,927","4,575","5,856","6,776","5,578","5,256","5,058","4,792","4,719","4,417","3,965","3,692","3,914","3,333","3,352","3,447","3,394","3,285","3,100","3,140","3,240","3,044","2,705","2,321","2,190","2,781","2,753","2,947","3,477","3,254","3,254","3,043","2,964","3,186","2,934","2,720","2,794","3,575","3,878","4,268","5,046","4,915","5,852","6,039","7,493","8,269","7,650","6,736","6,858","7,594","7,097","8,664","10,167","8,909","7,909","6,647"
,2.85,2.82,2.8,2.79,2.8,2.78,2.91,2.93,2.95,3,3.07,3.07,3.07,2.96,2.93,2.94,2.98,2.97,2.88,2.85,2.83,2.84,2.93,2.93,2.99,2.91,2.7,2.57,2.53,2.5,2.5,2.55,2.5,2.49,2.45,2.45,2.45,2.5,2.48,2.44,2.42,2.45,2.41,2.47,2.47,2.49,2.48,2.53,2.62,2.67,2.69,2.65,2.66,2.63,2.68,2.8,2.94,3.02,3.11,3.16,3.15,3.19,3.26,3.29,3.3,3.44,3.47,3.47,3.48,3.48,3.51,3.63,3.66,3.66,3.61,3.42,3.37,3.4,3.39,3.36,3.34,3.35,3.4,3.45,3.43,3.37,3.41,3.32,3.19,3.18,3.1,3.08,3.02,2.99,3,3,2.98,2.93,2.84,2.88,2.97,2.92,2.95,2.96,2.92,2.92,2.91,2.97,2.98,3.02,3.12,3.27,3.44,3.71,4.02,4.41,4.72,4.97,5.17,5.38,5.55,5.55,5.53,5.5,5.4,5.39,5.61,5.77,5.99
"Fixed rate, funds advanced, residential mortgages, uninsured, from 3 to less than 5 years","2,111","1,998","1,965","2,409","3,023","3,641","4,533","3,404","2,493","2,264","2,307","2,386","2,166","1,600","1,985","3,289","4,023","4,269","4,299","3,578","3,158","3,182","2,288","2,237","1,743","1,420","1,582","1,898","2,128","2,515","2,368","2,235","2,008","1,976","2,318","2,906","2,571","2,699","3,120","3,373","3,683","4,157","3,580","3,738","3,467","2,936","3,824","4,182","3,035","2,680","3,265","2,876","3,652","4,417","6,080","5,753","4,353","4,428","3,384","2,945","3,523","3,523","3,561","3,642","4,318","3,207","2,987","3,157","2,672","3,598","4,410","3,638","3,002","2,266","2,951","4,582","7,394","12,139","13,759","11,342","9,130","8,959","7,712","6,861","6,635","6,207","6,444","5,721","5,279","5,486","5,471","5,259","6,349","7,419","7,631","8,460","8,801","8,538","9,550","8,157","6,854","7,119","5,906","5,228","4,542","4,133","4,409","3,582","3,030","3,413","4,403","4,161","4,752","5,200","4,520","4,204","4,237","5,626","6,520","5,448","4,995","5,881","8,188","8,578","12,974","21,019","21,240","18,846","12,631"
,2.95,2.95,2.96,2.95,2.93,2.9,2.96,3.07,3.19,3.25,3.2,3.12,3.12,3.11,3.05,2.97,2.98,2.95,2.92,2.92,2.91,2.91,2.95,2.97,2.96,2.9,2.81,2.72,2.7,2.68,2.67,2.67,2.7,2.72,2.72,2.71,2.72,2.75,2.74,2.66,2.59,2.55,2.53,2.52,2.52,2.53,2.5,2.53,2.62,2.68,2.68,2.67,2.61,2.55,2.52,2.64,2.82,2.94,3.07,3.11,3.18,3.23,3.28,3.28,3.3,3.33,3.3,3.4,3.41,3.45,3.52,3.6,3.6,3.59,3.46,3.24,3.11,2.96,2.89,2.86,2.82,2.83,2.9,2.93,2.96,2.93,2.78,2.72,2.67,2.6,2.48,2.33,2.18,2.07,2.03,1.93,1.83,1.84,1.89,1.98,2.1,2.15,2.19,2.21,2.17,2.18,2.29,2.42,2.51,2.6,2.72,2.92,3.1,3.32,3.64,3.99,4.44,4.86,5,5.12,5.17,5.12,5.14,5.08,5.02,5.11,5.37,5.58,5.77
"Fixed rate, funds advanced, residential mortgages, uninsured, 5 years and more","4,577","4,562","5,633","7,623","8,607","9,056","7,736","6,643","4,576","3,680","2,629","2,161","1,996","2,097","2,484","3,252","4,194","4,811","5,086","4,518","4,090","4,520","3,722","4,085","3,396","3,328","4,501","5,765","6,481","7,965","7,059","5,446","5,321","5,412","5,397","5,545","4,334","3,995","3,933","4,761","6,248","7,863","7,621","7,826","7,009","6,261","8,144","7,464","5,402","4,421","5,734","5,443","7,692","9,570","11,537","11,570","8,835","8,486","7,672","6,872","7,153","6,265","5,766","5,837","6,701","5,277","4,551","4,622","3,605","5,101","6,588","4,998","3,978","3,983","4,985","5,904","8,149","8,186","11,114","12,641","11,988","14,161","13,655","12,067","10,366","9,798","11,251","11,693","10,680","11,591","12,662","14,034","16,821","17,867","16,478","15,396","11,962","12,309","16,827","13,060","11,070","12,324","8,102","6,292","5,622","6,776","7,777","6,573","5,646","5,757","6,719","7,253","7,773","7,960","6,344","4,692","3,479","3,536","3,430","2,565","2,028","2,059","2,221","1,977","2,598","3,873","4,917","5,070","3,725"
,3.18,3.16,3.07,3.01,2.99,2.98,3.07,3.19,3.36,3.53,3.65,3.67,3.66,3.57,3.42,3.21,3.14,3.11,3.09,3.09,3.09,3.07,3.11,3.1,3.09,2.96,2.87,2.8,2.75,2.75,2.74,2.76,2.76,2.76,2.77,2.82,2.86,2.93,2.9,2.8,2.7,2.63,2.59,2.58,2.57,2.57,2.57,2.63,2.72,2.8,2.82,2.81,2.73,2.68,2.67,2.78,2.95,3.08,3.22,3.29,3.33,3.38,3.41,3.43,3.47,3.51,3.5,3.58,3.63,3.65,3.76,3.76,3.76,3.71,3.61,3.4,3.26,3.12,2.96,2.9,2.85,2.85,2.9,2.94,2.97,2.96,2.78,2.71,2.69,2.6,2.46,2.26,2.15,2.05,2,1.97,1.96,1.94,1.96,2.03,2.11,2.14,2.27,2.31,2.32,2.22,2.35,2.5,2.61,2.81,3.02,3.25,3.41,3.7,4.05,4.44,4.79,5.01,5.17,5.22,5.2,5.08,5.11,5.07,5.04,5.11,5.31,5.45,5.68
"Total, outstanding balances, residential mortgages, insured 7",..,..,..,..,..,..,..,..,..,..,..,..,..,..,..,..,..,..,..,..,..,..,..,..,..,..,..,..,..,..,..,..,..,..,..,..,..,..,..,..,..,..,"538,922","544,526","541,418","542,170","539,303","535,920","540,713","539,183","540,734","538,850","532,684","529,923","525,487","520,013","515,225","513,543","509,921","506,066","503,522","499,722","496,355","491,034","486,234","481,864","476,915","472,804","469,160","465,719","464,669","462,727","458,861","455,662","456,324","455,868","454,617","453,021","450,312","448,168","446,382","445,108","443,010","440,474","437,874","436,142","435,238","446,879","446,376","450,187","454,162","454,466","453,158","455,860","454,840","451,209","448,839","444,731","441,183","439,649","436,655","434,878","431,496","429,230","426,256","426,536","423,303","420,694","417,850","415,323","411,674","408,217","405,751","405,752","406,346","404,192","402,207","403,585","402,465","400,921","399,548","398,817","398,188","397,920","396,938","396,583","393,999","394,861","392,895"
,..,..,..,..,..,..,..,..,..,..,..,..,..,..,..,..,..,..,..,..,..,..,..,..,..,..,..,..,..,..,..,..,..,..,..,..,..,..,..,..,..,..,2.99,2.76,2.75,2.74,2.74,2.74,2.73,2.72,2.71,2.68,2.67,2.66,2.7,2.7,2.73,2.74,2.74,2.74,2.78,2.8,2.8,2.81,2.82,2.83,2.93,2.94,2.96,3,3,3.01,3.01,3.02,3.02,3.02,3.02,3.03,3.03,3.01,3.02,3.01,3,3,2.99,2.98,2.78,2.75,2.73,2.73,2.71,2.7,2.67,2.65,2.62,2.59,2.58,2.56,2.53,2.5,2.48,2.46,2.43,2.41,2.4,2.4,2.37,2.36,2.36,2.35,2.4,2.5,2.51,2.63,2.81,2.88,3.05,3.15,3.18,3.3,3.36,3.4,3.41,3.43,3.48,3.57,3.65,3.67,3.73
"Variable rate, outstanding balances, residential mortgages, insured",..,..,..,..,..,..,..,..,..,..,..,..,..,..,..,..,..,..,..,..,..,..,..,..,..,..,..,..,..,..,..,..,..,..,..,..,..,..,..,..,..,..,"114,240","111,445","105,848","104,376","101,708","99,163","98,723","98,380","100,190","100,446","100,276","100,515","98,969","96,848","95,288","93,928","93,080","92,493","92,115","90,989","90,443","90,291","90,784","93,373","94,519","95,005","94,646","94,007","92,935","91,783","90,575","89,619","89,784","88,684","87,340","84,945","82,001","79,299","76,774","74,234","71,690","69,692","68,035","65,937","64,521","64,778","64,779","64,944","65,032","64,362","63,507","62,422","61,477","60,662","60,011","59,332","58,975","59,847","59,344","62,978","64,778","66,921","68,390","70,509","72,003","73,661","74,704","75,687","76,820","77,964","79,417","81,067","83,762","84,937","85,738","78,854","78,310","77,812","77,144","76,314","75,298","74,459","72,989","70,377","67,354","65,335","63,916"
,..,..,..,..,..,..,..,..,..,..,..,..,..,..,..,..,..,..,..,..,..,..,..,..,..,..,..,..,..,..,..,..,..,..,..,..,..,..,..,..,..,..,2.48,2.24,2.25,2.25,2.28,2.28,2.28,2.27,2.28,2.24,2.24,2.24,2.45,2.46,2.68,2.7,2.7,2.7,2.91,2.92,2.93,2.93,2.92,2.89,3.16,3.15,3.17,3.36,3.37,3.36,3.35,3.35,3.34,3.33,3.32,3.32,3.31,3.3,3.3,3.3,3.3,3.3,3.28,3.26,2.08,1.86,1.82,1.83,1.84,1.84,1.83,1.83,1.83,1.81,1.8,1.8,1.78,1.76,1.76,1.71,1.68,1.66,1.64,1.63,1.61,1.59,1.59,1.58,1.8,2.23,2.29,2.77,3.63,3.76,4.46,4.99,5.04,5.5,5.75,5.79,5.79,5.79,5.8,6.03,6.27,6.18,6.3
"Fixed rate, outstanding balances, residential mortgages, insured, less than 1 year",..,..,..,..,..,..,..,..,..,..,..,..,..,..,..,..,..,..,..,..,..,..,..,..,..,..,..,..,..,..,..,..,..,..,..,..,..,..,..,..,..,..,"5,355","7,732","7,949","7,995","7,851","7,673","7,526","7,394","7,348","7,399","7,377","7,461","7,519","7,224","6,998","6,902","6,745","6,531","6,306","6,207","6,172","6,153","6,142","6,326","6,185","6,255","6,128","5,891","5,805","5,676","5,683","5,703","5,860","5,841","5,995","6,168","6,006","5,888","5,848","5,846","5,910","5,895","5,945","5,967","6,117","6,101","5,912","5,874","5,972","5,892","5,726","5,596","5,468","5,204","4,946","4,772","4,613","4,508","4,701","4,367","4,330","4,188","4,071","3,823","3,566","3,439","3,290","3,140","3,015","2,949","2,947","2,928","2,847","2,749","2,820","2,848","2,777","2,617","2,670","2,714","2,803","2,907","3,193","3,781","3,857","3,996","4,068"
,..,..,..,..,..,..,..,..,..,..,..,..,..,..,..,..,..,..,..,..,..,..,..,..,..,..,..,..,..,..,..,..,..,..,..,..,..,..,..,..,..,..,3.65,3.33,3.3,3.26,3.22,3.19,3.2,3.17,3.23,2.99,3.03,3.15,3.23,3.23,3.22,3.25,3.3,3.32,3.38,3.47,3.6,3.77,3.92,4.09,4.39,4.38,4.37,4.38,4.32,4.28,4.23,4.2,4.18,4.26,4.28,4.34,4.35,4.33,4.34,4.28,4.2,4.12,4.01,3.94,3.91,3.79,3.7,3.71,3.64,3.62,3.58,3.49,3.47,3.34,3.28,3.23,3.2,3.26,3.09,3.36,3.35,3.37,3.4,3.52,3.6,3.52,3.6,3.64,3.84,4.08,4.23,4.6,4.85,5.1,5.33,5.53,5.64,5.92,6.1,6.32,6.39,6.54,6.73,6.96,6.88,6.79,6.92
"Fixed rate, outstanding balances, residential mortgages, insured, from 1 to less than 3 years",..,..,..,..,..,..,..,..,..,..,..,..,..,0,0,0,0,0,0,0,0,0,0,0,0,0,0,0,0,0,0,0,0,0,0,0,0,0,0,0,0,0,"54,537","58,331","59,271","59,553","59,173","58,476","58,322","58,206","58,717","58,452","58,149","57,618","57,241","56,546","56,046","56,092","55,855","55,379","55,227","54,619","54,134","53,448","52,409","50,720","49,578","48,465","47,762","47,071","46,534","46,150","45,794","45,448","45,656","44,640","43,922","42,555","40,893","39,393","38,259","36,945","35,786","35,011","34,113","33,149","32,082","32,182","31,472","30,479","29,817","28,787","27,900","27,695","26,465","25,182","24,143","22,882","21,651","20,568","20,792","19,029","18,315","17,865","17,465","17,130","16,769","16,213","15,774","15,327","14,927","14,710","14,567","14,586","14,868","15,042","15,358","16,130","16,906","17,880","18,667","19,474","20,369","21,040","21,789","22,836","23,524","24,056","24,341"
,..,..,..,..,..,..,..,..,..,..,..,..,..,..,..,..,..,..,..,..,..,..,..,..,..,..,..,..,..,..,..,..,..,..,..,..,..,..,..,..,..,..,2.61,2.42,2.41,2.4,2.39,2.4,2.41,2.4,2.41,2.37,2.39,2.38,2.39,2.4,2.4,2.43,2.44,2.44,2.46,2.49,2.51,2.54,2.57,2.6,2.75,2.75,2.84,2.85,2.87,2.87,2.89,2.91,2.92,2.96,2.97,3,3.03,3.02,3.05,3.05,3.06,3.07,3.04,3,2.92,2.91,2.88,2.86,2.84,2.82,2.78,2.76,2.74,2.71,2.68,2.67,2.63,2.59,2.44,2.51,2.46,2.43,2.42,2.47,2.42,2.42,2.45,2.45,2.58,2.67,2.7,2.86,2.92,3.15,3.3,3.47,3.62,3.78,3.86,4.07,4.11,4.24,4.45,4.65,4.77,4.85,4.96
"Fixed rate, outstanding balances, residential mortgages, insured, from 3 to less than 5 years",..,..,..,..,..,..,..,..,..,..,..,..,..,..,..,..,..,..,..,..,..,..,..,..,..,..,..,..,..,..,..,..,..,..,..,..,..,..,..,..,..,..,"92,347","94,259","94,070","94,528","94,209","94,512","94,991","95,522","96,074","96,143","95,218","94,786","95,038","94,949","94,562","95,011","94,527","93,968","93,574","93,139","92,557","91,399","89,608","87,231","85,145","83,478","82,498","81,546","81,186","80,675","79,999","79,162","78,819","77,292","77,330","79,622","81,640","82,597","82,995","83,596","83,400","82,898","82,523","82,844","82,869","85,295","85,404","85,674","86,675","85,403","83,721","85,053","84,512","84,025","84,130","83,349","82,461","81,650","81,011","79,788","78,825","77,893","77,133","76,340","75,119","73,945","72,738","71,536","70,162","68,617","67,257","66,366","65,679","64,621","64,019","64,225","64,034","63,997","63,867","64,237","64,762","65,150","66,616","68,800","70,462","71,977","72,236"
,..,..,..,..,..,..,..,..,..,..,..,..,..,..,..,..,..,..,..,..,..,..,..,..,..,..,..,..,..,..,..,..,..,..,..,..,..,..,..,..,..,..,3.13,2.8,2.78,2.76,2.75,2.75,2.74,2.73,2.72,2.66,2.65,2.64,2.63,2.62,2.62,2.62,2.62,2.62,2.63,2.63,2.64,2.64,2.66,2.66,2.79,2.82,2.83,2.83,2.84,2.84,2.86,2.87,2.87,2.87,2.88,2.88,2.89,2.88,2.89,2.88,2.89,2.9,2.89,2.88,2.86,2.85,2.85,2.84,2.83,2.82,2.81,2.79,2.76,2.72,2.69,2.67,2.64,2.61,2.58,2.57,2.54,2.52,2.51,2.52,2.5,2.48,2.49,2.48,2.51,2.52,2.53,2.55,2.55,2.6,2.64,2.68,2.72,2.78,2.81,2.89,2.93,3,3.12,3.28,3.44,3.56,3.66
"Fixed rate, outstanding balances, residential mortgages, insured, 5 years and over",..,..,..,..,..,..,..,..,..,..,..,..,..,..,..,..,..,..,..,..,..,..,..,..,..,..,..,..,..,..,..,..,..,..,..,..,..,..,..,..,..,..,"272,443","272,759","274,280","275,718","276,362","276,096","281,150","279,680","278,405","276,411","271,663","269,543","266,720","264,447","262,331","261,610","259,715","257,694","256,300","254,767","253,049","249,744","247,292","244,213","241,488","239,601","238,125","237,203","238,209","238,442","236,811","235,729","236,204","239,410","240,030","239,730","239,772","240,992","242,506","244,488","246,224","246,978","247,257","248,245","249,649","258,523","258,809","263,216","266,667","270,022","272,304","275,095","276,918","276,136","275,609","274,397","273,484","273,075","270,807","268,717","265,249","262,363","259,196","258,734","255,846","253,436","251,343","249,633","246,750","243,977","241,564","240,806","239,190","236,845","234,272","241,527","240,438","238,615","237,201","236,078","234,955","234,365","232,351","230,789","228,803","229,497","228,334"
,..,..,..,..,..,..,..,..,..,..,..,..,..,..,..,..,..,..,..,..,..,..,..,..,..,..,..,..,..,..,..,..,..,..,..,..,..,..,..,..,..,..,3.22,3.01,2.99,2.98,2.96,2.95,2.93,2.92,2.91,2.9,2.9,2.88,2.86,2.85,2.85,2.84,2.84,2.84,2.85,2.85,2.85,2.86,2.87,2.88,2.9,2.9,2.91,2.91,2.92,2.92,2.92,2.94,2.94,2.94,2.94,2.95,2.94,2.94,2.93,2.93,2.92,2.92,2.91,2.91,2.9,2.89,2.89,2.87,2.85,2.82,2.8,2.76,2.73,2.7,2.68,2.67,2.64,2.62,2.6,2.58,2.56,2.56,2.55,2.54,2.53,2.53,2.53,2.52,2.53,2.54,2.55,2.56,2.57,2.59,2.61,2.62,2.64,2.66,2.66,2.68,2.69,2.7,2.72,2.75,2.77,2.81,2.85
"Total, outstanding balances, residential mortgages, uninsured 7",..,..,..,..,..,..,..,..,..,..,..,..,..,..,..,..,..,..,..,..,..,..,..,..,..,..,..,..,..,..,..,..,..,..,..,..,..,..,..,..,..,..,"418,646","440,828","450,101","453,841","463,500","468,594","472,175","475,353","476,616","482,268","494,053","504,886","517,496","530,475","539,630","546,685","554,470","560,094","563,873","569,023","573,317","579,386","586,518","596,004","603,619","611,731","617,084","623,457","636,931","641,707","635,518","638,549","657,930","661,872","669,918","678,999","687,972","701,085","708,976","716,404","721,869","728,662","734,393","739,966","745,958","742,386","748,931","752,809","756,478","767,081","777,400","788,166","800,555","812,980","821,826","830,447","844,674","861,597","878,519","900,442","917,556","933,142","946,290","955,742","971,413","983,001","993,071","1,002,781","1,015,573","1,028,604","1,043,595","1,056,155","1,063,727","1,072,685","1,079,379","1,081,257","1,086,721","1,090,467","1,092,256","1,093,782","1,096,046","1,100,016","1,105,772","1,114,224","1,120,601","1,126,279","1,130,978"
,..,..,..,..,..,..,..,..,..,..,..,..,..,..,..,..,..,..,..,..,..,..,..,..,..,..,..,..,..,..,..,..,..,..,..,..,..,..,..,..,..,..,2.74,2.66,2.65,2.64,2.64,2.64,2.63,2.63,2.63,2.63,2.62,2.62,2.68,2.68,2.74,2.75,2.76,2.77,2.84,2.86,2.87,2.88,2.89,2.91,2.98,2.99,3.01,3.08,3.11,3.12,3.19,3.2,3.21,3.22,3.22,3.22,3.22,3.19,3.18,3.17,3.17,3.16,3.16,3.15,2.87,2.85,2.84,2.83,2.81,2.79,2.76,2.73,2.7,2.66,2.63,2.59,2.55,2.52,2.49,2.46,2.43,2.41,2.39,2.37,2.35,2.34,2.33,2.32,2.39,2.57,2.6,2.8,3.21,3.26,3.59,3.82,3.87,4.09,4.21,4.24,4.27,4.3,4.32,4.44,4.56,4.59,4.63
"Variable rate, outstanding balances, residential mortgages, uninsured",..,..,..,..,..,..,..,..,..,..,..,..,..,..,..,..,..,..,..,..,..,..,..,..,..,..,..,..,..,..,..,..,..,..,..,..,..,..,..,..,..,..,"125,125","127,845","127,491","126,685","125,868","124,020","123,699","123,939","123,482","125,532","129,693","133,578","133,185","133,194","133,172","132,603","133,633","134,804","135,235","135,576","136,341","138,514","142,902","153,083","161,534","168,845","173,151","176,310","180,623","180,859","177,081","178,209","184,660","184,142","182,539","179,550","174,669","170,681","165,854","160,177","155,052","151,265","148,812","144,832","143,919","146,510","149,974","153,434","157,282","161,551","164,841","168,304","171,901","175,999","180,107","183,877","189,731","200,548","214,607","232,462","249,443","266,850","281,364","296,017","311,734","325,596","338,826","351,517","367,370","382,337","397,335","411,396","420,944","429,360","434,510","433,884","433,035","432,097","429,755","426,758","422,152","419,202","413,075","401,871","389,227","378,632","373,282"
,..,..,..,..,..,..,..,..,..,..,..,..,..,..,..,..,..,..,..,..,..,..,..,..,..,..,..,..,..,..,..,..,..,..,..,..,..,..,..,..,..,..,2.38,2.31,2.31,2.31,2.33,2.33,2.33,2.33,2.33,2.33,2.33,2.33,2.56,2.57,2.8,2.81,2.81,2.8,3.03,3.04,3.04,3.03,3.02,2.99,3.19,3.18,3.17,3.39,3.4,3.41,3.6,3.6,3.59,3.59,3.59,3.59,3.58,3.56,3.56,3.56,3.57,3.56,3.56,3.55,2.16,2.1,2.09,2.11,2.12,2.13,2.13,2.12,2.12,2.11,2.09,2.08,2.05,2.02,2,1.98,1.95,1.93,1.92,1.9,1.88,1.87,1.86,1.86,2.09,2.58,2.61,3.11,4.07,4.12,4.86,5.36,5.39,5.88,6.13,6.15,6.16,6.16,6.16,6.4,6.65,6.67,6.67
"Fixed rate, outstanding balances, residential mortgages, uninsured, less than 1 year",..,..,..,..,..,..,..,..,..,..,..,..,..,..,..,..,..,..,..,..,..,..,..,..,..,..,..,..,..,..,..,..,..,..,..,..,..,..,..,..,..,..,"4,001","5,238","5,487","5,536","5,563","5,497","5,431","5,407","5,416","5,449","5,588","5,785","5,933","5,846","5,857","5,890","5,959","6,047","5,966","5,907","5,933","5,977","5,927","6,089","6,016","6,152","6,208","6,168","6,184","6,184","5,555","5,674","5,965","6,149","6,263","6,451","6,405","6,468","6,582","6,623","6,750","6,784","6,926","6,978","7,122","6,665","6,306","5,975","6,208","6,261","6,161","5,954","5,893","5,601","5,347","5,132","4,969","4,912","4,841","4,610","4,858","4,811","4,777","4,642","4,692","4,666","4,652","4,530","4,464","4,524","4,654","4,742","4,690","4,584","4,740","4,957","4,965","5,019","5,178","5,310","5,551","5,753","6,400","7,502","7,753","8,009","8,359"
,..,..,..,..,..,..,..,..,..,..,..,..,..,..,..,..,..,..,..,..,..,..,..,..,..,..,..,..,..,..,..,..,..,..,..,..,..,..,..,..,..,..,4.1,3.81,3.77,3.75,3.71,3.74,3.75,3.77,3.81,3.85,3.87,3.92,3.95,3.91,3.89,3.88,3.9,3.92,3.96,4.02,4.08,4.21,4.32,4.44,4.48,4.5,4.49,4.47,4.44,4.42,4.23,4.2,4.17,4.19,4.22,4.27,4.28,4.24,4.27,4.23,4.19,4.1,4.07,4.05,4.18,4.13,4.08,4.11,4.07,4.13,4.16,4.16,4.25,4.19,4.18,4.16,4.17,4.14,4.19,4.32,4.18,4.21,4.17,4.12,4.13,4.1,4.08,4.05,4.05,4.12,4.26,4.42,4.56,4.83,4.98,5.12,5.23,5.37,5.58,5.73,5.87,6.05,6.18,6.39,6.3,6.25,6.25
"Fixed rate, outstanding balances, residential mortgages, uninsured, from 1 to less than 3 years",..,..,..,..,..,..,..,..,..,..,..,..,..,..,..,..,..,..,..,..,..,..,..,..,..,..,..,..,..,..,..,..,..,..,..,..,..,..,..,..,..,..,"81,987","89,616","92,874","94,996","97,982","99,444","100,998","101,732","101,923","102,700","104,246","105,253","106,710","108,324","109,792","110,635","111,353","111,528","111,043","110,700","110,316","109,925","108,401","105,927","103,827","102,516","102,165","101,687","101,835","101,764","100,054","99,877","101,739","101,966","102,248","101,059","99,050","97,808","96,324","94,430","92,795","91,625","90,699","89,439","87,512","83,877","82,231","79,210","76,550","74,527","72,324","69,367","67,465","65,526","63,208","61,064","58,907","57,320","56,221","55,679","55,946","56,073","56,063","56,039","56,284","56,387","56,425","56,284","56,546","57,235","58,404","60,196","62,403","65,837","69,744","74,891","81,021","86,659","91,617","96,517","101,763","105,651","112,076","118,002","122,542","126,271","129,003"
,..,..,..,..,..,..,..,..,..,..,..,..,..,..,..,..,..,..,..,..,..,..,..,..,..,..,..,..,..,..,..,..,..,..,..,..,..,..,..,..,..,..,2.56,2.51,2.5,2.49,2.48,2.48,2.49,2.49,2.5,2.5,2.5,2.5,2.51,2.52,2.54,2.56,2.58,2.6,2.66,2.68,2.71,2.71,2.75,2.82,2.87,2.91,2.95,3,3.05,3.09,3.11,3.14,3.17,3.2,3.24,3.27,3.3,3.31,3.31,3.32,3.34,3.34,3.34,3.34,3.34,3.33,3.32,3.3,3.29,3.27,3.25,3.22,3.19,3.15,3.13,3.11,3.08,3.05,3.01,2.99,2.96,2.97,2.96,2.93,2.92,2.91,2.9,2.9,2.91,2.93,2.97,3.01,3.12,3.25,3.39,3.56,3.74,3.9,4.04,4.17,4.28,4.41,4.49,4.59,4.69,4.77,4.84
"Fixed rate, outstanding balances, residential mortgages, uninsured, from 3 to less than 5 years",..,..,..,..,..,..,..,..,..,..,..,..,..,..,..,..,..,..,..,..,..,..,..,..,..,..,..,..,..,..,..,..,..,..,..,..,..,..,..,..,..,..,"65,977","70,726","72,396","73,217","74,982","77,087","78,324","78,833","79,151","79,625","80,512","81,896","85,389","88,851","91,223","93,134","94,730","95,917","96,870","98,529","99,962","101,372","103,082","103,581","103,988","104,645","105,553","107,027","110,661","112,642","112,668","113,409","116,351","118,688","123,549","132,325","142,172","150,700","156,831","162,675","166,584","170,032","172,801","176,934","179,709","178,792","180,026","179,646","178,392","178,836","178,348","179,157","181,177","183,917","186,542","189,383","192,346","194,915","196,134","197,584","198,600","199,200","199,779","198,659","198,427","197,590","196,234","195,137","194,175","193,232","192,850","192,469","191,765","191,544","191,595","192,391","194,780","196,403","198,124","200,396","204,588","209,255","217,912","232,128","246,674","259,431","267,182"
,..,..,..,..,..,..,..,..,..,..,..,..,..,..,..,..,..,..,..,..,..,..,..,..,..,..,..,..,..,..,..,..,..,..,..,..,..,..,..,..,..,..,2.94,2.81,2.8,2.79,2.77,2.76,2.75,2.75,2.75,2.74,2.73,2.72,2.71,2.7,2.7,2.72,2.73,2.74,2.75,2.77,2.79,2.81,2.82,2.85,2.86,2.88,2.89,2.91,2.94,2.97,2.97,2.99,3,3.02,3.03,3.03,3.02,3,2.99,2.99,3,3,3,3,3,2.99,2.99,2.98,2.96,2.94,2.92,2.88,2.83,2.78,2.73,2.68,2.64,2.6,2.58,2.55,2.53,2.52,2.5,2.49,2.47,2.46,2.45,2.44,2.44,2.44,2.45,2.45,2.48,2.52,2.57,2.63,2.71,2.78,2.84,2.92,3.02,3.11,3.24,3.43,3.63,3.8,3.92
"Fixed rate, outstanding balances, residential mortgages, uninsured, 5 years and more",..,..,..,..,..,..,..,..,..,..,..,..,..,..,..,..,..,..,..,..,..,..,..,..,..,..,..,..,..,..,..,..,..,..,..,..,..,..,..,..,..,..,"141,557","147,403","151,853","153,407","159,105","162,545","163,723","165,442","166,645","168,961","174,014","178,374","186,280","194,259","199,586","204,422","208,794","211,798","214,759","218,310","220,767","223,598","226,206","227,324","228,254","229,572","230,007","232,264","237,629","240,258","240,160","241,380","249,214","250,927","255,320","259,615","265,676","275,428","283,385","292,499","300,689","308,956","315,156","321,783","327,696","326,543","330,394","334,544","338,046","345,907","355,726","365,384","374,118","381,937","386,622","390,991","398,721","403,901","406,716","410,106","408,709","406,207","404,307","400,385","400,276","398,761","396,934","395,314","393,018","391,277","390,351","387,352","383,924","381,360","378,791","375,135","372,921","370,288","367,583","364,801","361,993","360,154","356,308","354,720","354,405","353,936","353,151"
,..,..,..,..,..,..,..,..,..,..,..,..,..,..,..,..,..,..,..,..,..,..,..,..,..,..,..,..,..,..,..,..,..,..,..,..,..,..,..,..,..,..,3.03,2.95,2.92,2.91,2.88,2.87,2.86,2.85,2.85,2.84,2.83,2.81,2.79,2.78,2.78,2.79,2.8,2.81,2.82,2.84,2.85,2.85,2.87,2.88,2.9,2.9,2.92,2.93,2.95,2.97,2.99,3,3.01,3.02,3.02,3.03,3.02,3,2.99,2.98,2.99,2.99,2.98,2.98,2.98,2.97,2.96,2.95,2.93,2.9,2.86,2.82,2.78,2.74,2.72,2.69,2.65,2.63,2.61,2.59,2.58,2.58,2.57,2.57,2.56,2.56,2.55,2.55,2.56,2.57,2.58,2.6,2.63,2.65,2.66,2.68,2.7,2.72,2.73,2.74,2.75,2.76,2.77,2.79,2.82,2.86,2.89
"Total, funds advanced, variable rate mortgages",..,..,..,..,..,..,..,..,..,..,..,..,..,..,..,..,..,..,..,..,..,..,..,..,..,..,..,..,..,..,..,..,..,..,..,..,..,..,..,..,..,..,"7,064","6,887","6,174","5,165","4,764","3,806","3,333","3,666","5,430","5,871","8,321","9,524","6,847","6,306","4,646","4,062","4,706","4,787","4,600","3,916","4,345","5,861","9,593","17,782","14,852","13,436","9,070","9,354","7,780","5,457","5,062","4,331","4,484","4,220","4,143","3,421","3,160","2,707","2,193","2,105","2,168","2,160","2,199","2,358","5,419","9,995","10,106","10,686","11,671","12,336","12,258","12,613","11,669","11,907","10,641","10,984","15,432","19,369","22,548","27,518","26,218","25,586","22,807","23,296","23,961","21,979","20,837","20,465","25,719","24,239","24,388","24,553","19,539","16,010","11,852","8,842","6,859","5,571","3,664","2,516","2,245","2,042","2,534","2,468","2,000","2,479","2,694"
,..,..,..,..,..,..,..,..,..,..,..,..,..,..,..,..,..,..,..,..,..,..,..,..,..,..,..,..,..,..,..,..,..,..,..,..,..,..,..,..,..,..,2.76,2.7,2.68,2.67,2.69,2.7,2.69,2.64,2.61,2.58,2.54,2.51,2.73,2.73,2.97,3.02,2.98,2.93,3.16,3.2,3.21,3.14,2.95,2.7,2.97,3.03,3.09,3.33,3.4,3.5,3.51,3.58,3.64,3.68,3.68,3.72,3.78,3.81,3.88,3.85,3.77,3.78,3.69,3.72,2.27,2.21,2.39,2.37,2.3,2.2,2.12,2.06,2.04,1.94,1.84,1.76,1.65,1.6,1.6,1.62,1.58,1.57,1.54,1.5,1.52,1.52,1.55,1.57,1.83,2.41,2.61,3.21,4.15,4.33,5.05,5.54,5.67,6.16,6.47,6.51,6.67,6.77,6.86,7.4,7.48,7.44,7.22
"Funds advanced, closed non-convertible variable rate mortgages",..,..,..,..,..,..,..,..,..,..,..,..,..,..,..,..,..,..,..,..,..,..,..,..,..,..,..,..,..,..,..,..,..,..,..,..,..,..,..,..,..,..,"2,366","2,348","2,320","1,801","1,671","1,369","1,415","1,795","2,663","2,884","3,965","4,583","3,262","3,290","2,381","1,934","2,426","2,479","2,324","2,037","2,158","3,002","5,055","10,408","8,721","7,775","5,139","4,666","4,018","2,695","2,792","2,207","2,306","2,159","2,028","1,684","1,485","1,304","1,017",948,"1,003",999,"1,006","1,114","2,700","5,082","4,898","5,281","5,557","5,846","5,685","5,700","5,338","5,298","5,071","5,669","7,782","10,513","12,096","14,287","13,277","12,893","11,326","11,277","11,944","10,892","10,637","10,830","13,769","13,099","13,130","13,430","10,906","9,276","7,027","5,160","4,052","3,168","2,102","1,472","1,148","1,074","1,233","1,078",885,"1,254","1,494"
,..,..,..,..,..,..,..,..,..,..,..,..,..,..,..,..,..,..,..,..,..,..,..,..,..,..,..,..,..,..,..,..,..,..,..,..,..,..,..,..,..,..,2.33,2.33,2.34,2.33,2.36,2.36,2.34,2.35,2.34,2.33,2.3,2.27,2.42,2.4,2.66,2.71,2.71,2.7,2.9,2.97,2.96,2.88,2.74,2.56,2.82,2.86,2.91,3.13,3.23,3.26,3.29,3.37,3.4,3.37,3.3,3.27,3.24,3.24,3.26,3.26,3.22,3.24,3.23,3.19,2,1.92,2.21,2.19,2.11,2,1.93,1.84,1.81,1.74,1.63,1.58,1.5,1.49,1.49,1.49,1.47,1.46,1.44,1.42,1.43,1.45,1.46,1.46,1.72,2.21,2.46,3.03,3.91,4.15,4.85,5.35,5.54,5.97,6.21,6.26,6.27,6.26,6.23,6.42,6.65,6.69,6.68
"Funds advanced, closed convertible variable rate mortgages",..,..,..,..,..,..,..,..,..,..,..,..,..,..,..,..,..,..,..,..,..,..,..,..,..,..,..,..,..,..,..,..,..,..,..,..,..,..,..,..,..,..,"2,690","2,759","2,429","2,099","2,000","1,541","1,240","1,193","1,948","2,104","3,167","3,633","2,526","2,063","1,530","1,431","1,631","1,714","1,691","1,299","1,589","2,081","3,555","6,228","5,122","4,717","3,167","3,733","2,996","2,119","1,810","1,694","1,691","1,479","1,467","1,102",997,795,603,650,700,678,775,761,"1,994","4,074","4,341","4,454","5,102","5,443","5,557","5,912","5,389","5,802","4,902","4,699","6,890","8,005","9,455","11,813","11,765","11,489","10,473","11,051","10,965","10,293","9,455","8,934","11,159","10,292","10,355","10,213","7,929","6,135","4,336","3,312","2,501","2,150","1,302",874,800,661,814,713,620,661,800
,..,..,..,..,..,..,..,..,..,..,..,..,..,..,..,..,..,..,..,..,..,..,..,..,..,..,..,..,..,..,..,..,..,..,..,..,..,..,..,..,..,..,2.34,2.32,2.32,2.32,2.33,2.38,2.45,2.46,2.43,2.38,2.33,2.3,2.54,2.56,2.8,2.81,2.81,2.77,2.99,3,2.98,2.94,2.78,2.61,2.9,2.92,2.96,3.19,3.23,3.31,3.36,3.41,3.45,3.4,3.37,3.34,3.32,3.31,3.32,3.31,3.31,3.29,3.28,3.28,1.84,2.15,2.2,2.2,2.13,2.03,1.95,1.89,1.86,1.8,1.71,1.7,1.57,1.52,1.51,1.5,1.48,1.47,1.44,1.4,1.43,1.46,1.49,1.53,1.83,2.47,2.61,3.24,4.32,4.43,5.16,5.66,5.67,6.2,6.44,6.49,6.47,6.45,6.38,6.54,6.81,6.87,6.88
"Funds advanced, open variable rate mortgages",..,..,..,..,..,..,..,..,..,..,..,..,..,..,..,..,..,..,..,..,..,..,..,..,..,..,..,..,..,..,..,..,..,..,..,..,..,..,..,..,..,..,"2,009","1,780","1,425","1,266","1,094",896,677,677,819,883,"1,189","1,308","1,058",953,736,697,649,594,584,580,599,778,983,"1,147","1,009",945,765,955,766,644,461,429,486,582,648,636,678,608,573,507,466,483,418,484,725,839,867,951,"1,013","1,047","1,017","1,001",942,807,668,617,760,851,997,"1,418","1,176","1,204","1,008",968,"1,052",794,745,702,790,849,903,910,704,599,489,369,306,253,260,170,296,307,487,677,496,564,399
,..,..,..,..,..,..,..,..,..,..,..,..,..,..,..,..,..,..,..,..,..,..,..,..,..,..,..,..,..,..,..,..,..,..,..,..,..,..,..,..,..,..,3.78,3.76,3.86,3.76,3.85,3.79,3.84,3.74,3.93,3.86,3.9,3.98,4.09,4.22,4.33,4.31,4.41,4.34,4.65,4.48,4.73,4.66,4.61,4.52,4.73,4.88,4.85,4.92,5.12,5.08,5.38,5.37,5.48,5.52,5.56,5.6,5.64,5.68,5.58,5.65,5.62,5.6,5.6,5.63,4.45,4.24,4.27,4.21,4.16,4.19,4.19,4.22,4.28,4.28,4.29,3.85,4.01,3.69,3.89,4.05,3.87,3.8,3.64,3.67,3.5,3.32,3.74,3.68,3.65,4.66,4.81,5.35,6.08,6.17,7.04,7.27,7.5,8.07,8.69,8.79,8.79,9.2,9.28,9.87,9.78,9.77,9.92
"Total, funds advanced for non-mortgage loans, consumer credit","13,228","13,380","13,597","16,903","17,221","16,757","17,793","16,430","15,840","15,678","14,332","14,340","13,586","13,632","14,807","16,141","17,382","18,175","18,765","16,611","17,570","16,818","14,478","15,993","13,901","14,261","16,779","17,180","17,497","19,987","19,035","18,110","17,882","16,663","16,327","16,423","14,279","16,169","16,451","17,767","19,745","21,059","19,190","20,381","18,819","17,044","17,490","16,467","15,441","15,840","18,340","17,862","22,669","23,474","21,546","21,551","19,000","18,967","18,340","17,511","17,162","16,400","17,185","19,563","21,165","21,614","21,243","21,006","18,080","19,395","17,359","16,165","15,263","15,307","15,306","18,276","20,451","19,895","21,713","20,531","19,460","19,187","17,549","17,689","16,494","16,512","20,268","14,094","14,697","18,338","19,415","19,827","21,670","20,635","20,132","20,241","17,627","18,525","22,759","23,450","23,298","25,808","23,825","23,779","20,557","21,728","22,922","21,859","20,065","20,877","24,914","24,588","27,505","27,696","23,266","24,012","21,070","20,158","19,302","18,151","17,076","17,245","19,942","18,924","23,342","24,698","22,278","22,803","20,337"
,5.75,5.65,5.62,5.39,5.42,5.25,5.38,5.47,5.47,5.58,5.63,5.51,5.78,5.64,5.69,5.49,5.35,5.4,5.36,5.42,5.32,5.46,5.47,5.46,5.52,5.43,5.41,5.2,5.2,5.18,5.09,5,5.06,5.15,5.16,5.24,5.22,5.19,5.2,5,4.95,4.87,4.86,4.98,5.03,5.06,5.08,5.16,5.26,5.17,5.07,4.86,4.83,4.77,4.96,5.04,5.38,5.33,5.39,5.59,5.67,5.72,5.71,5.55,5.43,5.41,5.55,5.68,5.71,6,6.17,6.28,6.39,6.39,6.53,6.28,6.03,5.96,5.95,5.96,5.93,5.95,6.09,6.12,6.28,6.12,4.8,4.64,4.56,4.51,4.45,4.41,4.3,4.32,4.43,4.29,4.37,4.43,4.12,4.35,4.43,4.37,4.46,4.61,4.83,4.67,4.71,4.64,4.55,4.6,4.75,5.01,5.15,5.59,6.36,6.62,7.3,7.83,8.01,8.41,8.75,8.69,8.59,8.44,8.43,8.47,8.78,8.89,9.04
"Funds advanced for non-mortgage loans, consumer credit, personal loan plans","1,882","2,097","2,278","2,736","2,941","2,862","3,153","3,011","2,646","2,742","2,355","2,009","1,989","2,153","2,523","3,194","3,227","2,989","3,242","3,091","3,078","3,036","2,554","2,320","2,098","2,279","2,784","3,091","3,110","3,393","3,454","3,261","3,199","2,998","2,817","2,468","2,109","2,617","2,800","3,098","3,379","3,542","3,892","4,039","3,465","3,124","3,145","2,682","2,663","2,975","3,678","3,601","4,482","4,591","4,128","4,218","3,661","3,646","3,404","2,716","2,845","2,883","3,334","3,687","4,221","4,218","4,164","4,242","3,486","3,778","3,233","2,592","2,776","2,988","3,410","3,876","4,421","4,070","4,717","4,536","4,035","3,994","3,515","3,082","3,098","3,369","3,283","1,584","2,768","4,431","4,974","4,468","4,468","4,035","3,684","3,286","2,783","3,352","4,502","4,656","4,559","5,162","4,760","4,796","4,195","4,108","4,206","3,650","3,389","3,798","4,773","4,410","5,186","5,139","4,391","4,925","4,432","4,405","3,843","3,305","3,539","3,700","4,434","3,838","5,102","5,292","4,835","5,028","4,280"
,5.87,5.52,5.62,5.52,5.51,5.17,5.18,5.2,5.39,5.54,5.67,5.65,5.76,5.48,5.47,5.29,4.95,5.39,5.26,5,4.87,5,5.14,5.26,5.41,5.22,5.18,4.89,5.05,5.18,5.08,4.75,4.71,4.82,4.89,4.98,4.97,4.83,4.84,4.74,4.69,4.66,4.49,4.44,4.56,4.54,4.72,4.87,4.84,4.68,4.55,4.47,4.62,4.79,4.91,4.84,4.7,4.86,5.07,5.17,5.26,5.34,5.32,5.28,5.27,5.32,5.26,5.29,5.32,5.5,5.72,5.85,5.91,5.73,5.73,5.68,5.58,5.69,5.49,5.41,5.42,5.55,5.65,5.64,5.71,5.61,5.49,5.85,5.09,4.73,4.62,4.74,4.61,4.79,4.85,4.8,5.9,5.78,5.43,5.7,6.1,5.86,5.95,6.31,6.44,6.4,6.88,6.56,6.32,6.25,6.39,6.72,7.05,7.47,7.9,8,8.23,8.42,9.35,9.35,9.34,9.05,8.93,9.03,9.13,8.99,9.19,9.39,9.46
"Funds advanced for non-mortgage loans, personal loan plans, consumer credit, Of which are auto loans",..,..,..,..,..,..,..,..,..,..,..,..,..,..,..,..,..,..,..,..,..,..,..,..,..,..,..,..,..,..,..,..,..,..,..,..,..,..,..,..,..,..,"2,747","2,937","2,530","2,318","2,331","1,979","1,998","1,951","2,773","2,796","3,485","3,400","3,107","3,196","2,905","2,945","2,672","2,109","2,247","1,997","2,592","2,949","3,340","3,288","3,285","3,308","2,769","3,073","2,512","2,005","2,156","2,114","2,655","3,104","3,490","3,134","3,723","3,577","3,242","3,219","2,708","2,444","2,414","2,447","2,542","1,017","2,119","3,624","4,111","3,544","3,594","3,162","2,829","2,610","2,058","2,429","3,546","3,588","3,300","3,688","3,423","3,517","3,177","3,146","3,064","2,741","2,437","2,746","3,683","3,255","3,779","3,711","3,253","3,827","3,519","3,571","3,033","2,625","2,842","2,885","3,575","3,054","3,997","4,144","3,734","3,905","3,379"
,..,..,..,..,..,..,..,..,..,..,..,..,..,..,..,..,..,..,..,..,..,..,..,..,..,..,..,..,..,..,..,..,..,..,..,..,..,..,..,..,..,..,3.76,3.71,3.78,3.81,4.05,4.15,4.25,4.16,3.91,3.8,3.91,4,4.17,4.07,3.92,4.18,4.38,4.45,4.7,4.89,4.74,4.67,4.69,4.68,4.63,4.57,4.64,4.87,5.02,5.17,5.39,5.32,5.2,5.14,4.97,5.02,4.85,4.71,4.75,4.9,4.96,4.94,5.11,5.16,5.05,5.24,4.59,4.27,4.15,4.16,4.04,4.14,4.23,4.2,4.45,4.54,4.18,4.44,4.64,4.39,4.51,4.79,4.85,4.98,5.04,4.98,5.09,5.11,5.23,5.52,5.8,6.15,6.62,6.79,6.98,7.21,7.66,7.89,8.03,7.83,7.65,7.69,7.65,7.61,7.87,8.01,8.13
"Funds advanced for non-mortgage loans, consumer credit, personal lines of credit, secured","6,666","6,485","6,652","8,823","8,647","8,695","9,016","8,349","8,121","8,149","7,257","7,453","6,857","6,695","7,311","7,863","8,766","9,439","9,497","8,312","8,910","8,476","7,451","8,611","7,207","7,136","8,555","8,797","9,103","10,703","9,850","9,367","9,203","8,704","8,507","8,688","7,549","8,266","8,603","9,467","10,567","11,593","10,360","10,674","10,001","8,938","9,350","8,802","7,915","8,086","9,623","9,474","12,418","13,090","11,939","11,681","10,104","9,815","9,650","9,515","9,251","8,684","9,232","10,646","11,538","12,014","11,617","11,222","9,657","10,399","9,296","8,761","7,643","7,605","7,073","8,922","10,549","10,563","11,163","10,310","9,913","9,851","9,055","9,435","8,409","8,317","11,359","8,564","8,242","9,802","10,203","10,789","12,184","11,933","11,844","12,259","10,644","10,748","13,205","13,619","13,518","14,961","13,583","13,278","11,201","12,385","13,196","12,787","11,636","11,895","14,268","14,410","15,908","15,992","13,091","12,779","11,066","10,285","9,906","9,625","8,213","8,315","9,820","9,717","11,962","13,324","11,720","11,671","10,325"
,3.49,3.49,3.48,3.5,3.49,3.48,3.51,3.51,3.5,3.49,3.5,3.5,3.5,3.5,3.48,3.48,3.47,3.46,3.44,3.44,3.42,3.45,3.41,3.38,3.27,3.27,3.24,3.23,3.22,3.22,3.08,3.06,3.07,3.06,3.07,3.07,3.08,3.09,3.07,3.06,3.04,3.01,3.01,3.02,3.02,3.02,3,3.01,3.03,3.03,2.99,2.97,2.91,2.87,3.09,3.12,3.38,3.42,3.41,3.42,3.63,3.67,3.65,3.65,3.52,3.46,3.66,3.67,3.77,3.99,4.04,4.13,4.17,4.18,4.33,4.33,4.1,4.07,4.05,4.04,4.04,4.03,4.03,4.07,4.07,4.09,2.79,2.71,2.7,2.69,2.65,2.62,2.6,2.54,2.53,2.54,2.48,2.52,2.51,2.52,2.52,2.5,2.5,2.5,2.7,2.52,2.53,2.55,2.53,2.55,2.72,3.11,3.16,3.59,4.39,4.52,5.26,5.8,5.88,6.37,6.63,6.65,6.55,6.55,6.49,6.58,6.84,6.92,7.02
"Funds advanced for non-mortgage loans, consumer credit, personal lines of credit, unsecured","2,818","2,931","2,720","3,162","3,082","3,019","3,209","3,045","3,084","2,854","2,614","2,873","2,790","2,842","2,905","2,919","3,120","3,356","3,544","3,157","3,443","3,084","2,662","3,073","2,778","2,933","3,260","3,155","3,158","3,499","3,232","3,178","3,304","2,911","2,909","3,101","2,776","3,240","2,949","3,102","3,459","3,404","3,113","3,447","3,363","3,044","3,029","3,046","2,973","3,066","3,120","2,868","3,512","3,450","3,235","3,488","3,265","3,030","2,943","3,012","3,216","3,041","2,926","3,294","3,321","3,338","3,434","3,584","3,219","3,320","2,989","3,102","3,061","3,037","3,121","3,579","3,565","3,481","3,810","3,803","3,724","3,517","3,180","3,464","3,298","3,250","3,664","2,183","2,170","2,631","2,767","2,911","3,173","2,766","2,738","2,903","2,590","2,826","3,188","3,150","3,165","3,350","3,236","3,438","3,336","3,246","3,481","3,516","3,228","3,529","3,751","3,664","4,142","4,139","3,708","4,118","3,802","3,638","3,531","3,567","3,602","3,642","3,872","3,603","4,173","4,046","3,816","4,041","3,787"
,5.94,5.78,5.93,5.95,5.97,5.94,6.01,5.99,5.91,6.04,6.05,5.98,6.03,5.88,6.04,6.04,6.07,6.08,6.05,6.08,5.99,6.1,6.14,6.07,5.96,5.85,5.99,5.98,6.02,6.01,5.88,5.85,5.74,5.89,5.93,5.87,5.89,5.75,5.97,5.94,5.94,5.96,5.92,5.9,5.86,6.01,6.02,5.94,6,5.87,6.08,6.09,6.06,6.08,6.36,6.27,7.01,6.68,6.65,6.55,6.79,6.74,6.89,6.79,6.85,6.78,7.07,7,6.99,7.38,7.43,7.33,7.42,7.33,7.5,7.32,7.38,7.34,7.32,7.07,7.06,7.18,7.34,7.31,7.38,7.23,5.71,5.64,5.68,5.69,5.71,5.67,5.56,5.74,5.78,5.65,5.72,5.62,5.75,5.7,5.72,5.65,5.74,5.74,5.68,5.83,5.91,5.8,5.85,5.75,6.13,6.57,6.61,7.09,8.11,8.13,8.81,9.44,9.5,9.83,10.24,10.09,10.2,10.16,10.15,10.47,10.8,10.76,10.71
"Funds advanced for non-mortgage loans, consumer credit, other personal","1,862","1,866","1,946","2,181","2,551","2,181","2,415","2,026","1,989","1,933","2,105","2,004","1,951","1,941","2,068","2,164","2,270","2,391","2,482","2,051","2,139","2,222","1,811","1,989","1,817","1,912","2,180","2,137","2,125","2,391","2,499","2,304","2,176","2,050","2,094","2,166","1,845","2,046","2,100","2,101","2,341","2,521","1,825","2,221","1,989","1,938","1,966","1,937","1,890","1,713","1,919","1,918","2,256","2,343","2,243","2,164","1,971","2,476","2,342","2,268","1,849","1,793","1,692","1,937","2,085","2,044","2,027","1,959","1,718","1,899","1,841","1,710","1,784","1,678","1,702","1,898","1,916","1,781","2,024","1,882","1,788","1,825","1,800","1,709","1,689","1,576","1,962","1,763","1,517","1,473","1,471","1,659","1,844","1,900","1,866","1,793","1,610","1,599","1,865","2,025","2,056","2,335","2,246","2,267","1,825","1,990","2,040","1,907","1,812","1,655","2,122","2,104","2,269","2,426","2,075","2,190","1,770","1,830","2,023","1,653","1,721","1,588","1,817","1,765","2,106","2,035","1,907","2,063","1,944"
,13.46,13.08,12.49,12.12,11.19,11.4,11.8,13.17,12.93,13.74,12.42,12.16,13.48,12.84,13.3,12.32,12.21,12.1,11.89,13.07,12.83,12.87,13.4,13.74,13.87,13.09,13.33,12.58,12.69,12.72,11.97,12.04,12.94,13.43,12.91,13.3,13.24,13.24,13.32,12.78,12.46,12.29,14.32,13.93,14.5,13.84,14.08,14.12,14.01,14.85,14.9,13.09,13.87,13.4,12.97,13.82,14.26,11.96,12.39,13.91,14.62,14.48,15.67,14.38,14.05,14.83,14.41,15.59,14.98,15.56,15.74,16.05,14.9,15.86,15.49,14.76,15.2,15.11,14.89,15.53,15.22,14.82,15.11,15.95,16.14,15.61,13.54,11.72,12.09,13.87,13.98,13.04,12.69,12.42,13.69,13.11,12.03,12.4,9.53,11.48,11.29,11.29,11.33,11.64,12.67,12.52,12.31,12.88,11.91,13.13,12.27,11.76,12.03,12.27,12.44,12.98,14.47,14.56,13.29,15.28,14.5,15.27,15.32,14.03,14.34,15.44,15.6,15.19,15.59
"Total, outstanding balances for non-mortgage loans, consumer credit",..,..,..,..,..,..,..,..,..,..,..,..,..,..,..,..,..,..,..,..,..,..,..,..,..,..,..,..,..,..,..,..,..,..,..,..,..,..,..,..,..,..,"442,135","443,050","446,287","447,337","448,553","448,893","451,094","453,243","453,382","456,348","461,463","466,049","468,591","470,103","471,749","473,095","476,426","477,802","476,742","477,715","485,989","481,857","485,118","488,995","491,577","501,990","504,907","506,408","508,147","510,314","507,727","505,514","452,945","508,766","511,007","514,138","516,397","518,149","520,240","520,332","520,446","521,461","517,896","518,400","518,435","509,044","503,734","504,271","505,486","508,562","511,235","511,327","512,106","509,883","506,902","505,327","508,048","509,739","511,634","514,862","516,894","519,993","523,010","524,778","530,578","533,167","532,662","535,492","539,481","545,298","553,004","559,110","561,498","566,110","569,634","571,616","573,472","574,138","571,149","572,362","573,092","576,618","582,341","586,023","588,493","590,180","592,456"
,..,..,..,..,..,..,..,..,..,..,..,..,..,..,..,..,..,..,..,..,..,..,..,..,..,..,..,..,..,..,..,..,..,..,..,..,..,..,..,..,..,..,5.83,5.85,5.84,5.83,5.84,5.83,5.94,5.94,5.84,5.87,5.87,5.88,5.99,5.96,6.15,6.13,6.17,6.18,6.31,6.32,6.43,6.27,6.27,6.28,6.4,6.62,6.63,6.73,6.78,6.8,6.81,6.87,7.31,6.83,6.85,6.88,6.87,6.88,6.91,6.89,6.92,6.94,6.94,6.93,6.15,6.03,5.9,5.91,5.88,5.9,5.89,5.83,5.86,5.81,5.91,5.84,5.79,5.77,5.75,5.77,5.77,5.8,5.82,5.8,5.89,5.89,5.89,5.88,5.88,6.16,6.2,6.47,6.9,6.98,7.35,7.59,7.68,7.92,8.08,8.14,8.08,7.89,8.26,8.46,8.61,8.67,8.75
"Outstanding balances for non-mortgage loans, consumer credit, personal loan plans",..,..,..,..,..,..,..,..,..,..,..,..,..,..,..,..,..,..,..,..,..,..,..,..,..,..,..,..,..,..,..,..,..,..,..,..,..,..,..,..,..,..,"92,449","92,286","93,225","93,183","93,170","92,828","92,870","92,948","93,195","93,732","94,565","95,478","96,096","96,650","97,047","97,439","97,653","97,403","97,169","97,219","97,413","97,828","98,640","99,481","100,150","100,812","101,279","101,734","101,731","101,419","101,160","100,072","100,466","101,008","101,918","102,751","103,803","104,744","105,489","106,068","106,180","105,937","105,819","106,193","105,775","104,566","104,252","105,287","106,467","107,457","108,213","108,397","108,387","107,907","109,379","109,210","109,537","109,942","110,253","111,011","111,322","111,690","111,842","111,694","111,617","111,150","110,793","111,145","111,586","111,786","112,578","113,171","113,310","114,152","115,136","115,636","115,845","115,609","115,665","116,036","116,432","116,883","118,036","119,133","119,968","120,702","121,102"
,..,..,..,..,..,..,..,..,..,..,..,..,..,..,..,..,..,..,..,..,..,..,..,..,..,..,..,..,..,..,..,..,..,..,..,..,..,..,..,..,..,..,4.38,4.38,4.33,4.32,4.31,4.31,4.32,4.31,4.31,4.29,4.28,4.28,4.3,4.29,4.31,4.31,4.31,4.33,4.36,4.38,4.39,4.41,4.42,4.43,4.49,4.49,4.5,4.54,4.56,4.58,4.6,4.66,4.69,4.71,4.73,4.76,4.78,4.79,4.8,4.81,4.82,4.83,4.84,4.85,4.78,4.77,4.77,4.76,4.74,4.73,4.71,4.7,4.69,4.68,5.3,5.3,5.28,5.27,5.27,5.36,5.36,5.36,5.37,5.38,5.4,5.41,5.42,5.43,5.46,5.51,5.55,5.62,5.73,5.79,5.92,6.01,6.08,6.17,6.25,6.32,6.4,6.47,6.56,6.66,6.75,6.83,6.91
"Outstanding balances for non-mortgage loans, consumer credit, personal loan plans, Of which are auto loans",..,..,..,..,..,..,..,..,..,..,..,..,..,..,..,..,..,..,..,..,..,..,..,..,..,..,..,..,..,..,..,..,..,..,..,..,..,..,..,..,..,..,"72,029","72,483","76,187","77,062","77,096","76,899","76,729","76,637","76,917","77,458","78,314","79,140","79,820","80,440","81,038","81,563","81,849","81,732","81,608","81,517","81,724","82,186","82,948","83,751","84,463","85,132","85,648","86,155","86,208","85,996","85,793","85,748","85,988","86,613","87,402","88,089","89,026","89,903","90,650","91,227","91,345","91,372","91,275","91,412","91,086","89,987","89,756","90,750","91,746","92,783","93,571","93,841","93,916","93,728","93,251","93,004","93,360","93,700","93,886","94,621","94,982","95,354","95,585","95,518","95,436","95,131","94,742","94,666","94,986","95,149","95,664","96,181","96,376","97,138","98,150","98,699","98,915","98,795","98,846","99,087","99,448","99,835","100,793","101,782","102,550","103,252","103,696"
,..,..,..,..,..,..,..,..,..,..,..,..,..,..,..,..,..,..,..,..,..,..,..,..,..,..,..,..,..,..,..,..,..,..,..,..,..,..,..,..,..,..,4.06,4.03,3.96,3.96,3.96,3.96,3.96,3.95,3.94,3.93,3.91,3.91,3.92,3.91,3.91,3.91,3.92,3.93,3.95,3.97,3.99,4.01,4.02,4.05,4.06,4.08,4.09,4.12,4.15,4.17,4.19,4.22,4.25,4.28,4.31,4.34,4.36,4.37,4.38,4.4,4.42,4.43,4.44,4.46,4.46,4.47,4.47,4.46,4.44,4.43,4.41,4.4,4.4,4.39,4.54,4.54,4.53,4.52,4.52,4.63,4.63,4.63,4.63,4.65,4.65,4.67,4.67,4.68,4.7,4.73,4.77,4.82,4.89,4.97,5.08,5.16,5.24,5.32,5.4,5.47,5.56,5.63,5.72,5.82,5.9,5.99,6.07
"Outstanding balances for non-mortgage loans, consumer credit, credit card loans",..,..,..,..,..,..,..,..,..,..,..,..,..,..,..,..,..,..,..,..,..,..,..,..,..,..,..,..,..,..,..,..,..,..,..,..,..,..,..,..,..,..,"59,033","59,174","59,589","59,762","59,878","60,708","62,794","62,065","61,607","62,038","62,564","63,127","63,262","63,229","64,186","64,199","65,588","66,944","66,040","65,241","72,536","65,641","66,260","67,117","67,201","75,355","76,076","75,841","76,880","77,994","76,492","75,875","75,515","76,411","77,314","78,163","78,146","78,726","79,174","78,678","79,359","80,512","79,165","78,398","76,247","71,604","69,453","69,413","69,410","69,979","69,611","69,158","69,722","68,898","66,723","64,537","65,536","64,944","64,922","65,314","66,168","66,991","67,837","68,032","71,367","72,777","71,685","71,215","71,481","73,218","74,993","76,421","77,346","78,270","79,698","80,693","81,690","83,027","82,041","82,263","82,696","84,356","86,197","87,657","88,918","89,629","91,185"
,..,..,..,..,..,..,..,..,..,..,..,..,..,..,..,..,..,..,..,..,..,..,..,..,..,..,..,..,..,..,..,..,..,..,..,..,..,..,..,..,..,..,17.97,18.11,18.28,18.24,18.31,18.15,18.47,18.74,18.14,18.37,18.47,18.64,18.54,18.42,18.76,18.63,18.75,18.57,18.74,18.92,18.47,18.58,18.64,18.65,18.65,18.86,18.94,18.91,18.96,18.85,19.16,19.35,18.86,18.99,19.02,19.09,19.07,19.1,19.22,19.18,19.26,19.14,19.36,19.46,19.11,19.4,18.93,19.04,19.01,19.17,19.33,19.17,19.32,19.24,19.43,19.53,19.06,19.25,19.3,19.42,19.36,19.51,19.64,19.65,19.7,19.56,19.77,19.98,19.29,19.66,19.68,19.89,19.75,19.94,20.05,19.95,20.11,19.93,20.21,20.34,19.72,19.21,20.12,20.41,20.29,20.4,20.54
"Outstanding balances for non-mortgage loans, consumer credit, personal lines of credit, secured",..,..,..,..,..,..,..,..,..,..,..,..,..,..,..,..,..,..,..,..,..,..,..,..,..,..,..,..,..,..,..,..,..,..,..,..,..,..,..,..,..,..,"218,605","219,244","220,047","220,721","221,370","221,253","221,272","222,768","224,132","225,971","228,935","231,771","233,606","234,703","235,727","236,654","237,772","238,284","238,344","239,715","240,564","242,707","244,577","246,699","248,498","249,876","251,444","252,577","253,897","255,338","254,691","255,111","203,029","256,818","257,694","259,006","259,748","260,002","260,611","260,907","260,732","260,404","259,272","259,949","262,701","261,303","259,940","260,041","260,483","261,716","263,511","264,138","264,714","264,667","263,218","263,931","265,259","267,260","268,720","270,559","271,670","273,320","275,253","277,069","279,370","280,727","281,579","284,161","286,954","290,491","294,702","298,087","297,960","300,073","301,384","301,639","302,174","301,876","299,946","300,141","300,283","301,495","303,390","304,224","304,500","304,546","304,906"
,..,..,..,..,..,..,..,..,..,..,..,..,..,..,..,..,..,..,..,..,..,..,..,..,..,..,..,..,..,..,..,..,..,..,..,..,..,..,..,..,..,..,3.15,3.14,3.14,3.14,3.13,3.13,3.13,3.13,3.13,3.13,3.11,3.11,3.28,3.28,3.46,3.46,3.46,3.45,3.63,3.64,3.64,3.64,3.62,3.61,3.78,3.77,3.77,3.92,3.94,3.94,3.94,3.95,4.37,3.95,3.95,3.95,3.95,3.94,3.94,3.94,3.93,3.93,3.93,3.92,3,2.94,2.92,2.91,2.9,2.88,2.87,2.85,2.84,2.82,2.8,2.78,2.76,2.74,2.72,2.7,2.69,2.67,2.66,2.64,2.63,2.62,2.62,2.61,2.74,3.02,3.03,3.32,3.87,3.91,4.35,4.64,4.68,4.98,5.13,5.16,5.18,4.8,5.22,5.39,5.56,5.58,5.61
"Outstanding balances for non-mortgage loans, consumer credit, personal lines of credit, unsecured",..,..,..,..,..,..,..,..,..,..,..,..,..,..,..,..,..,..,..,..,..,..,..,..,..,..,..,..,..,..,..,..,..,..,..,..,..,..,..,..,..,..,"55,655","55,860","56,048","56,000","56,004","55,936","55,867","56,234","56,012","55,860","55,985","56,040","56,013","55,994","55,828","55,754","55,670","55,685","55,729","55,911","55,636","55,684","55,636","55,818","55,972","56,145","56,402","56,535","56,634","56,676","56,577","56,956","56,673","57,093","56,909","57,238","57,546","57,800","58,163","58,193","57,950","58,036","57,751","57,979","58,027","56,029","54,507","53,808","53,426","53,337","53,602","53,148","52,716","52,251","51,541","51,427","51,075","50,701","50,314","50,220","50,146","50,406","50,673","50,724","51,007","51,130","51,058","51,515","51,550","51,657","52,142","52,569","54,134","54,662","54,961","55,138","55,073","55,118","54,982","55,460","55,400","55,536","56,051","56,431","56,563","56,884","57,148"
,..,..,..,..,..,..,..,..,..,..,..,..,..,..,..,..,..,..,..,..,..,..,..,..,..,..,..,..,..,..,..,..,..,..,..,..,..,..,..,..,..,..,6.19,6.2,6.19,6.19,6.21,6.21,6.22,6.22,6.33,6.38,6.38,6.37,6.63,6.63,6.86,6.87,6.89,6.88,7.11,7.14,7.15,7.15,7.18,7.17,7.39,7.42,7.41,7.63,7.69,7.7,7.7,7.72,7.75,7.75,7.76,7.76,7.75,7.74,7.73,7.73,7.77,7.78,7.79,7.77,6.4,6.26,6.24,6.23,6.21,6.2,6.16,6.16,6.19,6.17,6.19,6.16,6.14,6.12,6.11,6.09,6.08,6.08,6.06,6.06,6.08,6.06,6.07,6.06,6.29,6.74,6.78,7.28,8.11,8.21,8.93,9.39,9.53,10.01,10.28,10.32,10.31,10.32,10.33,10.57,10.86,10.9,10.9
"Outstanding balances for non-mortgage loans, consumer credit, other personal",..,..,..,..,..,..,..,..,..,..,..,..,..,..,..,..,..,..,..,..,..,..,..,..,..,..,..,..,..,..,..,..,..,..,..,..,..,..,..,..,..,..,"16,393","16,487","17,377","17,670","18,130","18,168","18,292","19,228","18,436","18,747","19,415","19,633","19,614","19,526","18,961","19,050","19,744","19,486","19,461","19,629","19,841","19,997","20,004","19,881","19,757","19,801","19,706","19,721","19,005","18,888","18,808","17,500","17,263","17,436","17,173","16,981","17,155","16,878","16,803","16,486","16,225","16,571","15,889","15,881","15,686","15,542","15,581","15,722","15,699","16,073","16,298","16,485","16,567","16,161","16,041","16,223","16,642","16,892","17,425","17,757","17,588","17,586","17,405","17,259","17,218","17,383","17,546","17,455","17,910","18,145","18,589","18,862","18,747","18,953","18,455","18,510","18,690","18,508","18,515","18,462","18,281","18,348","18,667","18,578","18,542","18,420","18,117"
,..,..,..,..,..,..,..,..,..,..,..,..,..,..,..,..,..,..,..,..,..,..,..,..,..,..,..,..,..,..,..,..,..,..,..,..,..,..,..,..,..,..,4.79,4.82,4.35,4.41,4.34,4.18,4.23,4.16,4.07,4.02,4.13,4.02,4.28,4.22,4.32,4.41,4.22,4.19,4.46,4.46,4.22,4.41,4.37,4.33,4.63,4.49,4.44,4.69,4.68,4.89,4.64,5.26,5.18,5.31,5.2,5.16,5.38,5.26,5.37,5.3,5.25,5.37,5.26,5.24,4.33,4.04,3.98,4.06,4,4.13,4.14,4,4.14,3.99,3.93,3.9,4,4.07,4.16,4.15,4.08,4.21,4.09,4.03,4.12,3.96,3.99,4.06,4.16,4.4,4.58,4.84,5.46,5.64,5.69,6.37,6.25,6.88,7.14,7.19,7.12,8.45,7.44,7.54,7.84,7.83,7.76
"Total, funds advanced, business loans 8","49,644","45,634","50,715","56,562","70,087","54,385","65,647","50,892","61,081","61,749","69,009","69,440","53,892","49,893","59,627","62,110","59,773","63,946","59,579","53,951","61,716","60,314","57,914","66,445","58,119","54,193","65,191","60,289","59,513","67,482","63,712","55,874","61,721","60,726","59,392","66,554","56,524","60,028","68,536","67,050","66,521","73,956","64,161","62,693","72,138","67,149","70,095","72,680","66,451","62,227","75,733","66,682","77,272","81,462","72,718","66,955","70,526","71,930","73,452","88,285","70,254","68,720","79,871","77,639","82,404","83,635","74,387","71,251","74,904","74,853","77,250","83,305","71,036","68,984","77,049","76,234","80,583","83,762","77,409","71,854","82,694","78,170","78,261","89,807","80,175","74,563","106,612","91,603","78,445","82,658","72,964","68,353","81,146","81,488","81,666","88,718","74,448","75,958","89,690","86,522","83,850","99,275","86,237","78,966","82,282","97,461","97,080","106,593","91,785","89,297","111,679","103,206","110,480","118,341","110,324","109,304","107,251","115,590","112,451","121,685","108,711","106,276","118,691","116,189","116,105","122,596","119,425","117,999","113,817"
,3.17,3.15,3.12,3.26,3.33,3.14,3.45,3.16,3.35,3.4,3.42,3.11,3.1,3.06,2.97,3.06,3.05,3.05,3.04,3.07,3.01,3.06,2.99,3.03,2.89,2.84,2.78,2.84,2.9,2.83,2.72,2.6,2.61,2.65,2.67,2.73,2.7,2.7,2.7,2.82,2.77,2.69,2.82,2.89,2.83,2.86,2.83,2.88,2.91,2.94,2.89,2.84,2.86,2.78,3.08,3.16,3.22,3.23,3.25,2.95,3.49,3.43,3.49,3.5,3.52,3.49,3.68,3.74,3.73,3.93,4,4.12,4,3.92,3.86,3.93,3.87,3.82,3.82,3.72,3.83,3.83,3.86,3.74,3.81,3.79,2.86,2.44,2.38,2.48,2.54,2.55,2.49,2.56,2.53,2.54,2.56,2.51,2.55,2.58,2.6,2.55,2.57,2.59,2.51,2.47,2.57,2.57,2.64,2.67,2.78,3.16,3.31,3.78,4.42,4.62,5.15,5.54,5.92,6.22,6.35,6.4,6.56,6.51,6.34,6.84,6.95,7.02,7.02
"Funds advanced, business loans, to regulated non-bank financial institutions","2,565","2,015","1,905","2,546","2,605","2,665","2,468","1,647","1,995","2,121","2,175","1,933","1,948","1,548","1,667","2,446","2,119","2,553","2,105","1,835","2,484","2,751","2,551","2,820","3,473","1,767","2,010","1,944","1,940","1,867","2,245","2,510","1,765","2,150","2,301","2,390","2,733","2,308","2,939","3,576","3,905","4,622","4,760","4,663","5,187","4,240","3,909","4,533","3,057","2,921","3,526","3,042","3,064","4,072","3,348","3,127","4,385","3,516","3,068","12,057","3,381","3,532","4,634","4,783","4,147","4,724","3,773","3,480","4,035","3,492","3,477","4,279","3,089","2,713","3,311","2,861","2,897","2,885","2,648","2,798","3,456","2,739","3,261","3,210","1,948","1,782","3,918","3,870","1,998","3,183","1,654","1,514","2,086","1,921","1,847","2,023","1,665","1,951","2,237","2,369","4,284","2,049","2,795","1,996","3,109","3,531","2,786","3,269","2,945","3,007","3,386","4,033","4,015","3,776","3,717","3,391","3,590","4,080","3,474","3,485","3,639","3,292","3,941","3,823","4,580","4,694","4,535","4,609","5,074"
,2.19,2.11,2.08,2.03,2.35,2.29,2.42,2.35,2.12,2,2.2,2.13,2.33,1.99,2.06,1.94,2.03,1.91,1.95,2.15,1.97,2.34,2.18,2,1.66,2.19,2.04,1.98,1.9,2.01,2,1.79,1.92,2.01,1.78,1.77,1.64,1.68,1.85,2.24,1.96,1.8,1.75,1.84,1.91,1.97,1.72,1.85,2.14,2,1.98,2.1,2.01,1.85,2.31,2.25,2.31,2.49,2.41,0.83,2.54,2.43,2.57,2.36,2.54,2.73,2.6,2.76,2.61,2.89,2.93,3.11,2.99,2.95,3.01,2.79,3.02,2.77,2.96,2.8,2.77,2.92,3.17,2.99,2.99,3.3,2.17,2.17,1.55,2.06,2.09,2.21,2.24,2.43,2.45,2.32,2.4,2.47,2.54,2.3,2.25,2.33,2.4,2.42,2.48,2.45,2.46,2.3,2.53,2.69,2.74,3.37,3.09,3.85,4.55,4.83,5.48,5.95,6.04,6.48,6.61,6.63,6.54,6.53,6.52,6.76,6.91,6.97,7.11
"Funds advanced, business loans, lease receivables",302,302,350,392,376,366,402,326,426,466,420,403,326,319,356,433,437,456,437,375,420,481,404,487,447,383,407,568,505,516,535,425,506,401,432,510,399,375,425,439,478,423,390,450,462,421,408,542,441,403,505,577,522,548,492,468,502,607,465,479,922,420,531,633,639,590,557,544,550,651,656,662,986,473,744,701,759,872,684,662,726,828,682,753,673,534,657,553,576,663,601,566,630,808,601,792,529,559,728,835,722,683,659,591,823,684,704,805,608,666,835,774,857,916,729,713,921,823,709,"1,053",669,631,714,872,907,945,920,735,844
,3.74,4.89,4.84,4.69,4.6,5.32,5.03,5.62,5.11,4.89,4.97,5.08,4.92,5.17,5,4.69,5.15,5.11,4.93,5.17,4.85,5.18,5.62,4.93,4.86,4.39,4.41,4.23,4.73,4.85,4.46,4.64,4.4,4.69,4.69,4.33,4.46,4.34,4.49,4.54,4.37,4.51,4.51,4.35,4.2,4.39,4.5,4.45,4.13,4.13,4.33,4.02,4.37,4.23,4.29,4.53,4.55,4.44,4.69,4.66,5.73,4.8,4.78,4.85,4.99,5.1,5.13,5.12,4.97,5.27,5.32,5.02,7.89,5.39,5.05,5.25,5.28,4.7,4.99,4.92,4.62,4.8,4.88,4.41,4.74,4.78,4.47,4.36,4.28,4.22,4.41,4.39,4.1,3.87,4.21,3.55,4.1,3.89,4.01,4.05,4.09,4.19,4.09,4.16,3.32,4.24,4.18,3.95,4.12,4.18,4.39,4.89,5.13,5.08,5.43,5.7,5.54,6.23,6.58,6.38,6.45,6.23,6.8,5.89,6.34,6.86,6.29,7,7.05
"Funds advanced, business loans, loans to individuals and others for business purposes","45,607","42,037","47,059","52,077","65,629","49,896","61,067","47,326","57,152","57,559","64,909","64,809","50,267","46,798","55,920","57,686","55,560","59,208","55,402","50,035","56,970","55,278","53,348","60,987","52,532","50,449","60,848","55,782","55,154","62,900","58,831","51,041","56,538","55,584","54,126","60,486","51,247","55,232","62,823","60,530","60,063","66,810","56,908","55,857","64,047","60,317","63,660","65,064","60,840","56,897","69,190","61,228","71,069","74,369","66,628","61,072","63,273","65,337","67,281","72,736","63,635","62,756","72,299","69,580","74,882","75,539","67,483","64,994","67,404","67,897","70,228","75,564","64,054","62,541","70,499","69,729","73,107","76,434","69,825","64,654","75,217","70,725","70,732","81,253","73,206","68,843","98,022","82,605","70,547","74,693","66,614","62,789","74,433","74,494","74,693","79,942","67,899","69,080","82,091","78,296","74,819","91,201","78,414","71,783","74,125","88,814","88,432","97,094","84,376","81,188","102,244","94,088","101,276","109,076","102,081","100,807","98,615","106,324","104,408","112,071","100,444","98,932","109,887","107,692","106,169","112,224","110,051","107,804","103,864"
,3.21,3.17,3.14,3.3,3.35,3.16,3.47,3.16,3.38,3.43,3.46,3.11,3.12,3.08,2.97,3.09,3.07,3.07,3.05,3.08,3.03,3.07,3.01,3.05,2.95,2.84,2.79,2.85,2.92,2.82,2.71,2.61,2.59,2.63,2.66,2.74,2.73,2.71,2.71,2.83,2.8,2.72,2.88,2.96,2.87,2.91,2.87,2.92,2.93,2.96,2.91,2.85,2.87,2.8,3.1,3.18,3.26,3.24,3.25,3.25,3.5,3.46,3.51,3.54,3.54,3.5,3.7,3.75,3.75,3.95,4.02,4.15,3.99,3.95,3.88,3.97,3.9,3.85,3.85,3.76,3.88,3.87,3.88,3.77,3.84,3.81,2.87,2.43,2.39,2.48,2.54,2.55,2.49,2.56,2.52,2.54,2.55,2.5,2.53,2.55,2.59,2.53,2.55,2.57,2.49,2.44,2.54,2.55,2.61,2.63,2.75,3.11,3.28,3.74,4.4,4.59,5.12,5.52,5.91,6.23,6.36,6.41,6.58,6.54,6.36,6.88,6.99,7.05,7.03
"Funds advanced, business loans, non-residential mortgages","1,170","1,279","1,400","1,547","1,477","1,458","1,710","1,592","1,509","1,603","1,505","2,296","1,352","1,229","1,683","1,545","1,657","1,729","1,636","1,705","1,842","1,804","1,612","2,151","1,668","1,594","1,926","1,995","1,915","2,199","2,101","1,898","2,913","2,590","2,532","3,168","2,145","2,113","2,350","2,506","2,075","2,101","2,104","1,722","2,442","2,171","2,119","2,541","2,112","2,005","2,512","1,835","2,617","2,472","2,251","2,289","2,366","2,469","2,638","3,013","2,316","2,013","2,407","2,643","2,738","2,782","2,574","2,233","2,915","2,813","2,889","2,799","2,287","1,977","1,783","1,935","2,543","2,270","2,715","2,262","2,000","2,475","2,209","2,881","3,124","2,077","2,568","2,851","2,211","2,181","2,309","1,804","2,049","2,588","2,429","3,043","2,464","2,607","2,945","2,865","2,406","2,859","2,374","2,734","2,664","3,014","3,126","3,315","2,418","2,606","2,836","2,691","2,357","2,430","2,016","2,381","2,418","2,610","2,080","2,727","2,425","2,034","2,438","2,367","2,442","2,459","2,226","2,589","2,236"
,3.52,3.64,3.58,3.55,3.58,3.5,3.56,3.49,3.6,3.65,3.41,3.74,3.41,3.32,3.54,3.39,3.35,3.46,3.41,3.39,3.43,3.34,3.23,3.35,3.09,3.22,3.03,2.96,3.13,3.22,3.27,3,3.06,3.23,3.19,3.08,3.15,3.12,3.19,3.18,3.11,3.15,3.38,3.33,3.35,3.21,3.2,3.29,3.29,3.31,3.23,3.3,3.32,3.28,3.57,3.71,3.73,3.68,3.78,3.83,3.83,4.05,4.15,4.17,4.01,4.16,4.22,4.37,4.45,4.56,4.51,4.54,4.24,4.29,4.49,4.17,3.9,4.2,4.11,4,3.85,3.76,3.99,4.08,3.76,3.8,3.32,3.04,2.97,3.19,2.98,2.94,2.93,2.94,2.72,2.85,2.69,2.78,2.85,3.02,2.88,2.91,2.91,2.94,2.96,3.04,3.13,3.14,3.31,3.4,3.55,3.98,4.39,4.73,5.22,5.35,5.67,5.95,6.25,6.18,6.04,6.47,6.29,6.2,6.11,6.45,6.35,7.16,6.92
"Total, outstanding balances, business loans 8",..,..,..,..,..,..,..,..,..,..,..,..,..,..,..,..,..,..,..,..,..,..,..,..,..,..,..,..,..,..,..,..,..,..,..,..,..,..,..,..,..,..,"351,593","368,620","373,959","371,637","373,657","373,464","376,474","380,807","385,168","385,600","387,954","397,437","395,292","393,687","398,516","399,861","404,647","410,257","403,491","411,952","417,524","419,631","424,918","433,273","427,198","429,931","439,503","437,618","444,758","444,273","425,873","467,442","455,474","460,721","461,817","472,231","477,324","475,298","495,680","481,359","483,944","490,757","481,408","493,303","525,967","513,978","517,603","513,925","509,769","509,625","510,941","509,907","511,045","514,431","519,435","524,695","531,784","534,871","536,814","546,059","550,429","551,553","555,109","557,320","563,059","573,698","578,676","587,075","604,805","614,408","626,611","640,463","641,874","646,263","649,722","657,022","663,323","673,703","669,941","677,685","687,394","684,440","686,673","697,892","704,034","702,155","707,513"
,..,..,..,..,..,..,..,..,..,..,..,..,..,..,..,..,..,..,..,..,..,..,..,..,..,..,..,..,..,..,..,..,..,..,..,..,..,..,..,..,..,..,3.34,3.3,3.3,3.29,3.29,3.28,3.27,3.28,3.27,3.25,3.25,3.22,3.38,3.41,3.51,3.6,3.52,3.53,3.69,3.69,3.7,3.71,3.72,3.72,3.87,3.9,3.9,4.03,4.08,4.1,4.17,4.05,4.1,4.11,4.09,4.09,4.09,4.11,4.01,4.11,4.08,4.06,4.05,4.06,3.31,3.17,3.13,3.13,3.12,3.11,3.09,3.08,3.06,3.03,3,2.97,2.95,2.93,2.93,2.9,2.89,2.89,2.8,2.87,2.88,2.88,2.93,2.88,3.02,3.26,3.34,3.64,4.13,4.32,4.71,5.04,5.13,5.49,5.68,5.73,5.84,5.82,5.8,6.02,6.19,6.18,6.25
"Outstanding balances, business loans, to regulated non-bank financial institutions",..,..,..,..,..,..,..,..,..,..,..,..,..,..,..,..,..,..,..,..,..,..,..,..,..,..,..,..,..,..,..,..,..,..,..,..,..,..,..,..,..,..,"10,358","10,181","10,689","9,662","9,674","9,515","9,544","9,660","9,723","10,169","9,921","10,348","10,485","10,270","10,482","10,255","10,195","10,201","10,081","10,153","10,296","10,265","10,446","10,988","10,620","10,785","10,356","10,645","11,003","9,644","9,162","9,034","8,876","8,830","8,859","8,623","8,807","8,507","8,711","9,009","8,507","8,394","6,459","6,522","7,749","9,035","8,278","8,748","8,173","8,090","7,966","8,484","8,289","8,345","8,283","8,875","8,982","9,234","8,972","9,093","9,326","8,934","9,082","9,851","10,208","10,289","10,303","10,702","10,903","11,478","12,003","11,973","11,636","11,970","12,002","12,554","12,420","12,043","12,024","12,278","11,829","11,483","11,922","12,649","13,094","12,900","12,547"
,..,..,..,..,..,..,..,..,..,..,..,..,..,..,..,..,..,..,..,..,..,..,..,..,..,..,..,..,..,..,..,..,..,..,..,..,..,..,..,..,..,..,2.38,2.41,2.38,2.39,2.44,2.44,2.46,2.44,2.4,2.39,2.39,2.37,2.52,2.54,2.65,2.64,2.62,2.63,2.82,2.8,2.84,2.9,2.87,2.91,2.97,3,3,3.07,3.09,3.35,3.27,3.3,3.34,3.29,3.26,3.29,3.26,3.23,3.25,3.31,3.35,3.35,3.45,3.46,2.78,2.63,2.5,2.55,2.4,2.4,2.39,2.36,2.38,2.35,2.33,2.37,2.35,2.35,2.36,2.37,2.3,2.31,2.35,2.33,2.35,2.31,2.32,2.35,2.54,2.97,3.05,3.48,3.98,4.19,4.7,5.07,5.07,5.57,5.67,5.75,5.85,5.76,5.83,6.04,6.38,6.14,6.18
"Outstanding balances, business loans, lease receivables",..,..,..,..,..,..,..,..,..,..,..,..,..,..,..,..,..,..,..,..,..,..,..,..,..,..,..,..,..,..,..,..,..,..,..,..,..,..,..,..,..,..,"10,013","10,099","10,137","10,162","10,199","10,234","10,269","10,761","10,844","10,960","11,034","11,136","11,197","11,242","11,332","11,423","11,418","11,405","11,904","11,982","12,070","12,186","12,374","12,448","12,518","12,630","12,784","12,940","14,070","14,247","14,494","14,662","14,732","15,242","15,335","15,594","15,719","16,010","16,061","16,153","16,307","16,405","16,499","16,392","16,440","16,467","16,473","16,634","16,727","16,743","16,799","16,838","16,691","16,804","16,714","16,523","16,565","16,725","16,829","16,923","16,974","16,947","16,943","16,951","16,951","17,041","17,023","17,032","17,758","17,962","18,068","18,077","18,128","18,360","18,657","18,779","18,621","18,924","19,129","19,050","19,138","19,238","19,339","19,700","19,810","19,861","19,730"
,..,..,..,..,..,..,..,..,..,..,..,..,..,..,..,..,..,..,..,..,..,..,..,..,..,..,..,..,..,..,..,..,..,..,..,..,..,..,..,..,..,..,4.74,4.76,4.73,4.72,4.69,4.64,4.63,4.71,4.69,4.66,4.64,4.64,4.65,4.61,4.61,4.62,4.63,4.65,4.73,4.72,4.73,4.75,4.53,4.76,4.78,4.8,4.8,4.84,4.91,4.91,5.1,5.11,5.1,5.08,5.06,5.05,5.04,5.04,5.03,5.05,5.03,5.01,5,5,4.96,4.91,4.89,4.87,4.86,4.84,4.82,4.8,4.76,4.69,4.72,4.69,4.67,4.66,4.63,4.62,4.59,4.56,4.55,4.54,4.53,4.51,4.49,4.5,4.51,4.55,4.59,4.65,4.72,4.76,4.8,4.89,5,5.09,5.11,5.17,5.22,5.28,5.38,5.45,5.53,5.6,5.87
"Outstanding balances, business loans, loans to individuals and others for business purposes",..,..,..,..,..,..,..,..,..,..,..,..,..,..,..,..,..,..,..,..,..,..,..,..,..,..,..,..,..,..,..,..,..,..,..,..,..,..,..,..,..,..,"270,187","287,260","291,742","290,240","291,953","291,549","292,880","296,220","299,982","299,695","301,779","310,297","307,527","305,880","309,899","310,873","315,230","318,182","310,740","318,909","323,823","325,135","329,908","336,885","331,267","333,315","342,949","339,972","341,751","341,680","297,000","302,178","309,309","313,904","314,252","324,357","327,261","324,550","343,853","328,141","330,296","335,930","327,799","339,676","370,176","355,690","358,648","352,853","348,004","347,409","347,491","344,579","344,779","346,023","350,260","353,749","359,060","360,446","361,754","368,843","370,730","370,950","373,071","373,890","378,106","387,062","391,118","397,807","413,321","420,605","431,114","443,616","444,576","448,061","451,702","457,684","463,674","473,214","468,523","476,065","485,841","482,473","483,716","493,541","498,504","496,837","503,618"
,..,..,..,..,..,..,..,..,..,..,..,..,..,..,..,..,..,..,..,..,..,..,..,..,..,..,..,..,..,..,..,..,..,..,..,..,..,..,..,..,..,..,3.27,3.22,3.22,3.21,3.21,3.2,3.19,3.2,3.19,3.17,3.17,3.16,3.32,3.36,3.48,3.58,3.49,3.5,3.68,3.67,3.68,3.7,3.71,3.69,3.88,3.91,3.91,4.05,4.1,4.11,4.26,4.21,4.22,4.24,4.21,4.19,4.21,4.2,4.04,4.2,4.2,4.17,4.15,4.16,3.2,3,2.98,2.99,2.98,2.97,2.95,2.95,2.94,2.91,2.88,2.84,2.85,2.81,2.81,2.79,2.78,2.8,2.77,2.77,2.8,2.81,2.87,2.8,2.98,3.28,3.38,3.74,4.35,4.56,5.01,5.41,5.51,5.93,6.16,6.22,6.28,6.29,6.26,6.51,6.7,6.72,6.74
"Outstanding balances, business loans, non-residential mortgages",..,..,..,..,..,..,..,..,..,..,..,..,..,..,..,..,..,..,..,..,..,..,..,..,..,..,..,..,..,..,..,..,..,..,..,..,..,..,..,..,..,..,"61,035","61,080","61,391","61,574","61,832","62,166","63,782","64,166","64,619","64,776","65,219","65,656","66,082","66,295","66,803","67,311","67,804","70,468","70,767","70,908","71,335","72,045","72,189","72,952","72,792","73,200","73,414","74,061","77,933","78,701","75,888","75,958","75,828","75,776","76,001","76,144","77,108","77,512","78,020","78,787","79,329","79,901","80,193","80,382","80,929","81,700","82,151","82,444","82,924","83,105","83,480","83,859","84,306","84,762","85,000","85,695","86,497","87,007","87,350","88,110","89,160","89,621","90,265","90,570","90,963","91,846","92,299","93,120","93,411","94,264","94,576","95,074","95,114","95,079","95,247","95,216","95,365","95,576","95,853","95,890","96,115","96,356","96,384","96,663","96,680","96,507","96,373"
,..,..,..,..,..,..,..,..,..,..,..,..,..,..,..,..,..,..,..,..,..,..,..,..,..,..,..,..,..,..,..,..,..,..,..,..,..,..,..,..,..,..,3.61,3.6,3.58,3.57,3.56,3.55,3.55,3.55,3.54,3.52,3.51,3.4,3.56,3.57,3.61,3.61,3.62,3.62,3.68,3.7,3.71,3.74,3.75,3.77,3.82,3.85,3.87,3.91,3.98,4,4.04,3.99,4.02,4.01,4.01,4.01,4.01,4,4,3.99,3.98,3.97,3.97,3.96,3.73,3.67,3.63,3.62,3.6,3.58,3.57,3.54,3.52,3.47,3.46,3.44,3.32,3.39,3.37,3.35,3.33,3.32,3.31,3.3,3.28,3.28,3.3,3.3,3.29,3.42,3.46,3.63,3.9,3.98,4.22,4.41,4.48,4.67,4.82,4.86,4.9,4.94,4.97,5.05,5.16,5.2,5.23